Trades,Header,DataDiscriminator,Asset Category,Currency,Symbol,Date/Time,Quantity,T. Price,C. Price,Proceeds,Comm/Fee,Basis,Realized P/L,MTM P/L,Code,Adjusted Proceeds,Proceeds Diff
Trades,Data,Order,Stocks,USD,AMZN,2023-07-21 13:57:21,50.0,130.478,130.0,-6523.9,-1.078,6524.978,0.0,-23.9,O,-6523.9,0.0
Trades,Data,Order,Stocks,USD,AMZN,2023-09-19 13:30:46,20.0,136.71,137.63,-2734.2,-1.0792,2735.2792,0.0,18.4,O;P,-2734.2,0.0
Trades,Data,Order,Stocks,USD,AMZN,2024-01-09 12:08:06,40.0,151.01,151.37,-6040.4,-1.09,6041.49,0.0,14.4,O,-6040.4,0.0
Trades,Data,Order,Stocks,USD,AMZN,2024-04-29 10:04:22,60.0,179.977,180.96,-10798.62,-1.09,10799.71,0.0,58.98,O,-10798.62,0.0
Trades,Data,Order,Stocks,USD,GOOG,2023-07-31 13:11:02,50.0,132.66,133.11,-6633.0,-1.078,6634.078,0.0,22.5,O,-6633.0,0.0
Trades,Data,Order,Stocks,USD,GOOG,2023-10-30 12:43:40,50.0,125.4882,125.75,-6274.41,-1.078,6275.488,0.0,13.09,O,-6274.41,0.0
Trades,Data,Order,Stocks,USD,GOOG,2024-01-09 12:06:49,50.0,142.445,142.56,-7122.25,-1.09,7123.34,0.0,5.75,O,-7122.25,0.0
Trades,Data,Order,Stocks,USD,GOOG,2024-01-31 11:43:12,30.0,143.738,141.8,-4312.14,-1.09,4313.23,0.0,-58.14,O,-4312.14,0.0
Trades,Data,Order,Stocks,USD,GOOG,2024-02-08 13:50:57,50.0,146.8,147.22,-7340.0,-1.09,7341.09,0.0,21.0,O,-7340.0,0.0
Trades,Data,Order,Stocks,USD,GOOG,2024-07-31 11:40:22,70.0,172.85,173.15,-12099.5,-1.09,12100.59,0.0,21.0,O;P,-12099.5,0.0
Trades,Data,Order,Stocks,USD,GOOG,2025-05-12 13:11:08,50.0,160.0,159.58,-8000.0,-1.0919075,8001.091908,0.0,-21.0,O,-8000.0,0.0
Trades,Data,Order,Stocks,USD,GPRO,2023-08-24 09:39:55,,3.9,3.81,-9750.0,-13.4,9763.4,0.0,-225.0,O;P,,
Trades,Data,Order,Stocks,USD,GPRO,2024-05-01 09:46:13,,1.8,1.86,4500.0,-14.11659,-9763.4,-5277.51659,-150.0,C,,
Trades,Data,Order,Stocks,USD,MSFT,2023-07-20 12:54:31,30.0,348.24,346.87,-10447.2,-1.0788,10448.2788,0.0,-41.1,O,-10447.2,0.0
Trades,Data,Order,Stocks,USD,MSFT,2024-01-09 12:08:59,20.0,375.615,375.79,-7512.3,-1.09,7513.39,0.0,3.5,O,-7512.3,0.0
Trades,Data,Order,Stocks,USD,MSFT,2024-04-22 12:23:11,10.0,399.0,400.96,-3990.0,-1.09,3991.09,0.0,19.6,O,-3990.0,0.0
Trades,Data,Order,Stocks,USD,NET,2023-06-01 13:30:35,100.0,70.8,69.65,-7080.0,-1.076,7081.076,0.0,-115.0,O,-7080.0,0.0
Trades,Data,Order,Stocks,USD,NET,2024-10-14 09:30:02,-50.0,95.0,93.75,4750.0,-1.2455975,-3540.538,1208.216402,62.5,C,4750.0,0.0
Trades,Data,Order,Stocks,USD,NVDA,2023-06-07 14:34:56,400.0,38.0,374.75,15200.0,-1.0784,15201.0784,0.0,-210.0,O,15200.0,0.0
Trades,Data,Order,Stocks,USD,NVDA,2023-08-04 14:32:12,200.0,44.9,446.8,8980.0,-1.0792,8981.0792,0.0,-44.0,O,8980.0,0.0
Trades,Data,Order,Stocks,USD,NVDA,2023-08-24 09:30:00,-200.0,50.2,471.63,-10040.0,-1.16242,-7600.5392,2438.29838,607.4,C,-10040.0,0.0
Trades,Data,Order,Stocks,USD,NVDA,2023-08-24 09:30:00,-300.0,50.2,471.63,-15060.0,-1.20363,-12091.0788,2967.71757,911.1,C,-15060.0,0.0
Trades,Data,Order,Stocks,USD,NVDA,2023-08-28 09:53:46,300.0,45.171,468.35,13551.3,-1.0788,13552.3788,0.0,499.2,O,13551.3,0.0
Trades,Data,Order,Stocks,USD,NVDA,2023-09-07 13:28:14,200.0,45.6,462.41,9120.0,-1.0792,9121.0792,0.0,128.2,O,9120.0,0.0
Trades,Data,Order,Stocks,USD,NVDA,2023-09-15 12:07:32,200.0,44.233,439.0,8846.599999999999,-1.0792,8847.6792,0.0,-66.6,O,8846.6,0.0
Trades,Data,Order,Stocks,USD,NVDA,2023-10-12 10:10:32,-400.0,47.5,469.45,-19000.0,-1.2362,-18042.9184,955.8454,222.0,C,-19000.0,0.0
Trades,Data,Order,Stocks,USD,NVDA,2023-10-17 11:45:07,200.0,44.348,439.38,8869.6,-1.0792,8870.6792,0.0,-82.0,O,8869.6,0.0
Trades,Data,Order,Stocks,USD,NVDA,2023-10-26 12:45:27,190.0,40.116,403.26,7622.04,-1.07924,7623.11924,0.0,39.9,O,7622.04,0.0
Trades,Data,Order,Stocks,USD,NVDA,2023-11-02 09:30:00,-190.0,43.374,435.06,-8241.060000000001,-1.14792348,-8665.02524,-425.113163,-25.08,C,-8241.06,0.0
Trades,Data,Order,Stocks,USD,NVDA,2023-11-09 09:30:03,-200.0,47.5,469.5,-9500.0,-1.1581,-8861.3492,637.4927,110.0,C,-9500.0,0.0
Trades,Data,Order,Stocks,USD,NVDA,2023-11-15 12:48:29,200.0,48.7,488.88,9740.0,-1.0792,9741.0792,0.0,37.6,O;P,9740.0,0.0
Trades,Data,Order,Stocks,USD,NVDA,2024-01-08 12:34:18,-500.0,51.23,522.53,-25615.0,-1.3224098,-21807.082,3806.59559,-511.5,C,-25615.0,0.0
Trades,Data,Order,Stocks,USD,NVDA,2024-02-16 14:46:16,100.0,73.6,726.13,7359.999999999999,-1.09,7361.09,0.0,-98.7,O,7360.0,0.0
Trades,Data,Order,Stocks,USD,NVDA,2024-02-20 11:32:12,200.0,68.41799999999999,694.52,13683.599999999999,-1.09,13684.69,0.0,206.8,O,13683.6,0.0
Trades,Data,Order,Stocks,USD,NVDA,2024-03-21 12:07:37,-100.0,92.051,914.35,-9205.1,-1.17207787,-4870.1796,4333.748322,61.6,C,-9205.1,0.0
Trades,Data,Order,Stocks,USD,NVDA,2024-08-06 12:27:51,20.0,105.3,104.25,-2106.0,-1.09,2107.09,0.0,-21.0,O,-2106.0,0.0
Trades,Data,Order,Stocks,USD,NVDA,2024-08-14 12:01:36,80.0,118.285,118.08,-9462.8,-1.09,9463.89,0.0,-16.4,O,-9462.8,0.0
Trades,Data,Order,Stocks,USD,NVDA,2024-08-19 15:59:55,-80.0,130.0,130.0,10400.0,-1.419616,-5888.872,4509.708384,0.0,C,10400.0,0.0
Trades,Data,Order,Stocks,USD,NVDA,2024-08-22 11:33:12,100.0,127.4,123.74,-12740.0,-1.09,12741.09,0.0,-366.0,O,-12740.0,0.0
Trades,Data,Order,Stocks,USD,NVDA,2025-02-10 13:47:15,100.0,134.2993,133.57,-13429.93,-1.095014,13431.02501,0.0,-72.93,IA;O,-13429.93,0.0
Trades,Data,Order,Stocks,USD,NVDA,2025-04-24 15:45:40,80.0,106.0,106.43,-8480.0,-1.093052,8481.093052,0.0,34.4,O,-8480.0,0.0
Trades,Data,Order,Stocks,USD,NVDA,2025-04-28 15:16:39,-80.0,108.0,108.73,8640.0,-1.36933648,-5577.625,3061.005664,-58.4,C,8640.0,0.0
Trades,Data,Order,Stocks,USD,NVDA,2025-04-30 09:30:01,80.0,104.5,108.92,-8360.0,-1.093052,8361.093052,0.0,353.6,O,-8360.0,0.0
Trades,Data,Order,Stocks,USD,NVDA,2025-04-30 13:43:50,-80.0,107.0,108.92,8560.0,-1.36691232,-5473.876,3084.757088,-153.6,C,8560.0,0.0
Trades,Data,Order,Stocks,USD,SE,2023-08-28 11:19:31,200.0,37.0,36.9,-7400.0,-1.072,7401.072,0.0,-20.0,O,-7400.0,0.0
Trades,Data,Order,Stocks,USD,SE,2024-08-13 09:31:00,-200.0,72.0,74.85,14400.0,-1.5625368,-7401.072,6997.365463,-570.0,C;P,14400.0,0.0
Trades,Data,Order,Stocks,USD,SPY,2023-07-17 12:45:30,10.0,450.3,450.84,-4503.0,-1.0796,4504.0796,0.0,5.4,O,-4503.0,0.0
Trades,Data,Order,Stocks,USD,SPY,2023-08-18 13:06:42,10.0,436.0,436.5,-4360.0,-1.0796,4361.0796,0.0,5.0,O,-4360.0,0.0
Trades,Data,Order,Stocks,USD,SPY,2023-08-25 14:45:37,10.0,439.9793,439.97,-4399.793,-1.0796,4400.8726,0.0,-0.093,O,-4399.79,0.0
Trades,Data,Order,Stocks,USD,SPY,2023-09-15 12:12:09,10.0,445.0,443.37,-4450.0,-1.0796,4451.0796,0.0,-16.3,O,-4450.0,0.0
Trades,Data,Order,Stocks,USD,SPY,2023-10-16 11:39:37,10.0,436.0,436.04,-4360.0,-1.0796,4361.0796,0.0,0.4,O,-4360.0,0.0
Trades,Data,Order,Stocks,USD,SPY,2023-11-02 15:19:17,10.0,430.4,430.76,-4304.0,-1.0796,4305.0796,0.0,3.6,O,-4304.0,0.0
Trades,Data,Order,Stocks,USD,SPY,2023-11-07 14:45:36,10.0,437.07,436.93,-4370.7,-1.0796,4371.7796,0.0,-1.4,O,-4370.7,0.0
Trades,Data,Order,Stocks,USD,SPY,2023-11-28 09:30:00,10.0,454.0,454.93,-4540.0,-1.08,4541.08,0.0,9.3,O,-4540.0,0.0
Trades,Data,Order,Stocks,USD,SPY,2023-12-21 09:30:00,10.0,470.98,472.7,-4709.8,-1.08,4710.88,0.0,17.2,O,-4709.8,0.0
Trades,Data,Order,Stocks,USD,SPY,2024-01-09 12:09:38,10.0,474.345,473.88,-4743.45,-1.09,4744.54,0.0,-4.65,O,-4743.45,0.0
Trades,Data,Order,Stocks,USD,SPY,2024-01-23 12:48:38,10.0,483.4395,484.86,-4834.395,-1.09,4835.485,0.0,14.205,O,-4834.4,-0.0
Trades,Data,Order,Stocks,USD,SPY,2024-04-08 13:49:13,10.0,518.7288,518.72,-5187.288,-1.09,5188.378,0.0,-0.088,O,-5187.29,-0.0
Trades,Data,Order,Stocks,USD,SPY,2024-04-30 13:06:30,-15.0,505.475,501.98,7582.125,-1.15883023,-6684.6194,896.34677,52.425,C,7582.12,-0.01
Trades,Data,Order,Stocks,USD,SPY,2024-08-01 14:51:57,-15.0,540.1,543.01,8101.5,-1.33820575,-6581.4124,1518.749394,-43.65,C,8101.5,0.0
Trades,Data,Order,Stocks,USD,SPY,2024-09-04 09:40:04,-10.0,551.3,550.95,5513.0,-1.25886433,-4451.0796,1060.661536,3.5,C,5513.0,0.0
Trades,Data,Order,Stocks,USD,SPY,2025-02-10 13:46:07,-20.0,604.791,604.85,12095.82,-1.461149136,-8666.1592,3428.19965,-1.18,C;IA,12095.82,0.0
Trades,Data,Order,Stocks,USD,SPY,2025-02-21 10:48:43,-20.0,606.4512,599.94,12129.024,-1.462155287,-8912.8596,3214.702244,130.224,C,12129.02,-0.0
Trades,Data,Order,Stocks,USD,TSLA,2023-10-23 13:02:53,30.0,216.3,212.08,-6489.0,-1.0788,6490.0788,0.0,-126.6,O,-6489.0,0.0
Trades,Data,Order,Stocks,USD,TSLA,2024-01-25 13:05:34,30.0,181.595,182.63,-5447.85,-1.09,5448.94,0.0,31.05,O,-5447.85,0.0
Trades,Data,Order,Stocks,USD,TSLA,2024-07-02 13:55:23,-60.0,227.025,231.26,13621.5,-1.51361509,-11939.0188,1680.967584,-254.1,C,13621.5,0.0
Trades,Data,Order,Stocks,USD,TSLA,2024-07-10 10:01:09,100.0,260.0,263.26,-26000.0,-1.09,26001.09,0.0,326.0,O,-26000.0,0.0
Trades,Data,Order,Stocks,USD,TSLA,2024-11-18 09:30:01,-50.0,340.68,338.74,17034.0,-1.61782727,-13000.545,4031.837173,97.0,C,17034.0,0.0
Trades,Data,Order,Stocks,USD,TSLA,2025-04-21 09:33:34,30.0,230.82,227.5,-6924.6,-1.0915042,6925.691504,0.0,-99.6,O,-6924.6,0.0
Trades,Data,Order,Stocks,USD,TSLA,2025-04-22 12:07:12,-30.0,241.0,237.97,7230.0,-1.31565616,-7800.327,-571.642656,90.9,C;P,7230.0,0.0
Trades,Data,Order,Stocks,SGD,C6L,2024-02-21 02:32:44,,6.69,6.67,-10035.0,-8.75052,10043.75052,0.0,-30.0,O,,
Trades,Data,Order,Stocks,USD,AAPL,2024-04-11 14:14:18,60.0,173.67,175.04,-10420.2,-1.09,10421.29,0.0,82.2,O,-10420.2,0.0
Trades,Data,Order,Stocks,USD,AAPL,2024-06-03 15:36:09,30.0,193.5195,194.03,-5805.585,-1.09,5806.675,0.0,15.315,IA;O,-5805.59,-0.01
Trades,Data,Order,Stocks,USD,AAPL,2024-06-21 14:03:25,-15.0,210.21,207.49,3153.15,-1.18826085,-2605.3225,546.639239,40.8,C,3153.15,0.0
Trades,Data,Order,Stocks,USD,AAPL,2024-07-02 13:59:12,45.0,219.745,220.27,-9888.525,-1.09,9889.615,0.0,23.625,O,-9888.52,0.0
Trades,Data,Order,Stocks,USD,AXP,2024-04-19 12:27:21,50.0,228.1416,231.04,-11407.08,-1.09,11408.17,0.0,144.92,O;P,-11407.08,0.0
Trades,Data,Order,Stocks,USD,CMG,2024-04-29 13:15:17,150.0,64.0222,3209.47,9603.33,-1.09,9604.42,0.0,25.08,O,9603.33,0.0
Trades,Data,Order,Stocks,USD,GOOGL,2024-07-24 11:58:52,60.0,172.66,172.63,-10359.6,-1.09,10360.69,0.0,-1.8,O,-10359.6,0.0
Trades,Data,Order,Stocks,USD,GOOGL,2024-07-31 11:39:32,-60.0,171.3205,171.54,10279.23,-1.412337624,-10360.69,-82.872338,-13.17,C;IA,10279.23,0.0
Trades,Data,Order,Stocks,USD,GOOGL,2025-02-05 13:20:20,50.0,190.769,191.33,-9538.45,-1.092507,9539.542507,0.0,28.05,IA;O,-9538.45,0.0
Trades,Data,Order,Stocks,USD,IBIT,2024-02-12 09:30:01,100.0,27.54,28.66,-2754.0,-1.09,2755.09,0.0,112.0,O,-2754.0,0.0
Trades,Data,Order,Stocks,USD,IBIT,2024-02-12 09:30:01,300.0,27.54,28.66,-8262.0,-1.635,8263.635,0.0,336.0,O,-8262.0,0.0
Trades,Data,Order,Stocks,USD,IBIT,2024-11-20 10:36:27,200.0,54.0,53.72,-10800.0,-1.100464,10801.100464,0.0,-56.0,O,-10800.0,0.0
Trades,Data,Order,Stocks,USD,IBIT,2024-11-21 13:00:02,-200.0,56.0,55.9,11200.0,-1.4760344,-5509.635,5688.888966,20.0,C;P,11200.0,0.0
Trades,Data,Order,Stocks,USD,IBIT,2024-12-18 12:59:06,100.0,59.575,57.18,-5957.5,-1.097848,5958.597848,0.0,-239.5,O,-5957.5,0.0
Trades,Data,Order,Stocks,USD,MARA,2024-01-23 12:51:10,300.0,16.286666667,16.11,-4886.0,-1.635,4887.635,0.0,-53.0,O;P,-4886.0,0.0
Trades,Data,Order,Stocks,USD,MARA,2024-01-26 15:57:43,-300.0,17.882,17.85,5364.6,-1.73606131,-4887.635,475.228939,9.6,C,5364.6,0.0
Trades,Data,Order,Stocks,USD,MARA,2024-02-01 10:47:42,500.0,17.5,18.6,-8750.0,-2.725,8752.725,0.0,550.0,O,-8750.0,0.0
Trades,Data,Order,Stocks,USD,MARA,2024-02-01 12:50:16,-500.0,18.6,18.6,9300.0,-2.896566,-8752.725,544.378434,0.0,C,9300.0,0.0
Trades,Data,Order,Stocks,USD,MARA,2024-02-02 12:57:04,500.0,18.0,18.2,-9000.0,-2.725,9002.725,0.0,100.0,O,-9000.0,0.0
Trades,Data,Order,Stocks,USD,MARA,2024-02-05 09:57:41,300.0,17.4,16.64,-5220.0,-1.635,5221.635,0.0,-228.0,O,-5220.0,0.0
Trades,Data,Order,Stocks,USD,MARA,2024-02-08 09:30:00,-300.0,18.66,21.58,5598.0,-1.73809656,-5401.635,194.626903,-876.0,C,5598.0,0.0
Trades,Data,Order,Stocks,USD,MARA,2024-02-08 09:30:02,-500.0,18.8,21.58,9400.0,-2.897438,-8822.725,574.377562,-1390.0,C,9400.0,0.0
Trades,Data,Order,Stocks,USD,MARA,2024-02-08 11:50:25,300.0,20.0,21.58,-6000.0,-1.635,6001.635,0.0,474.0,O,-6000.0,0.0
Trades,Data,Order,Stocks,USD,MARA,2024-02-08 12:03:30,-300.0,20.3,21.58,6090.0,-1.7423868,-6001.635,86.622613,-384.0,C,6090.0,0.0
Trades,Data,Order,Stocks,USD,MARA,2024-02-12 09:56:00,-200.0,25.7,27.28,5140.0,-1.1710088,-5138.8289912,0.0,-316.0,O,5140.0,0.0
Trades,Data,Order,Stocks,USD,MARA,2024-02-12 10:16:20,200.0,25.8,27.28,-5160.0,-1.09,5138.828991,-22.261009,296.0,C;P,-5160.0,0.0
Trades,Data,Order,Stocks,USD,MARA,2024-02-12 10:18:10,200.0,25.65,27.28,-5130.0,-1.09,5131.09,0.0,326.0,O,-5130.0,0.0
Trades,Data,Order,Stocks,USD,MARA,2024-02-12 10:19:01,200.0,25.505,27.28,-5101.0,-1.09,5102.09,0.0,355.0,O;P,-5101.0,0.0
Trades,Data,Order,Stocks,USD,MARA,2024-02-12 10:30:20,-400.0,26.1,27.28,10440.0,-2.3434128,-10233.18,204.476588,-472.0,C,10440.0,0.0
Trades,Data,Order,Stocks,USD,MARA,2024-02-12 11:01:43,400.0,26.9,27.28,-10760.0,-2.18,10762.18,0.0,152.0,O,-10760.0,0.0
Trades,Data,Order,Stocks,USD,MARA,2024-02-12 12:32:28,-400.0,27.2,27.28,10880.0,-2.3472496,-10762.18,115.47275,-32.0,C;P,10880.0,0.0
Trades,Data,Order,Stocks,USD,MARA,2024-02-13 09:32:32,400.0,25.1294,25.72,-10051.76,-2.18,10053.94,0.0,236.24,O;P,-10051.76,0.0
Trades,Data,Order,Stocks,USD,MARA,2024-02-13 09:36:33,-400.0,25.62,25.72,10248.0,-2.34173856,-10053.94,191.718263,-40.0,C;P,10248.0,0.0
Trades,Data,Order,Stocks,USD,MARA,2024-02-13 09:39:28,400.0,25.93,25.72,-10372.0,-2.18,10374.18,0.0,-84.0,O;P,-10372.0,0.0
Trades,Data,Order,Stocks,USD,MARA,2024-02-14 09:30:02,-400.0,28.9745,29.41,11589.8,-2.35343906,-10374.18,1213.26656,-174.2,C;P,11589.8,0.0
Trades,Data,Order,Stocks,USD,MARA,2024-02-14 09:34:44,400.0,29.005,29.41,-11602.0,-2.18,11604.18,0.0,162.0,O;P,-11602.0,0.0
Trades,Data,Order,Stocks,USD,MARA,2024-02-14 09:37:05,-400.0,29.25,29.41,11700.0,-2.3544,-11604.18,93.4656,-64.0,C,11700.0,0.0
Trades,Data,Order,Stocks,USD,MARA,2024-02-14 09:38:53,400.0,28.957,29.41,-11582.8,-2.18,11584.98,0.0,181.2,O;P,-11582.8,0.0
Trades,Data,Order,Stocks,USD,MARA,2024-02-14 09:44:46,-400.0,29.25,29.41,11700.0,-2.3544,-11584.98,112.6656,-64.0,C,11700.0,0.0
Trades,Data,Order,Stocks,USD,MARA,2024-02-15 09:35:31,400.0,30.09675,27.02,-12038.7,-2.18,12040.88,0.0,-1230.7,O;P,-12038.7,0.0
Trades,Data,Order,Stocks,USD,MARA,2024-02-15 09:49:33,-400.0,30.3,27.02,12120.0,-2.3580624,-12040.88,76.761937,1312.0,C,12120.0,0.0
Trades,Data,Order,Stocks,USD,MARA,2024-02-15 09:53:58,400.0,29.764,27.02,-11905.6,-2.18,11907.78,0.0,-1097.6,O,-11905.6,0.0
Trades,Data,Order,Stocks,USD,MARA,2024-02-20 12:30:39,200.0,23.435,24.51,-4687.0,-1.09,4688.09,0.0,215.0,O,-4687.0,0.0
Trades,Data,Order,Stocks,USD,MARA,2024-02-20 14:51:55,-200.0,24.5,24.51,4900.0,-1.168916,-5953.89,-1055.058916,-2.0,C,4900.0,0.0
Trades,Data,Order,Stocks,USD,MARA,2024-02-21 10:15:14,400.0,23.315,22.9,-9326.0,-2.18,9328.18,0.0,-166.0,O,-9326.0,0.0
Trades,Data,Order,Stocks,USD,MARA,2024-02-22 10:00:45,-400.0,24.0,24.56,9600.0,-2.336088,-10641.98,-1044.316088,-224.0,C,9600.0,0.0
Trades,Data,Order,Stocks,USD,MARA,2024-02-22 10:10:04,400.0,24.1,24.56,-9640.0,-2.18,9642.18,0.0,184.0,O,-9640.0,0.0
Trades,Data,Order,Stocks,USD,MARA,2024-02-22 10:28:55,-400.0,24.3,24.56,9720.0,-2.3371344,-9328.18,389.482866,-104.0,C,9720.0,0.0
Trades,Data,Order,Stocks,USD,MARA,2024-02-22 10:50:48,400.0,24.11995,24.56,-9647.98,-2.18,9650.16,0.0,176.02,O;P,-9647.98,0.0
Trades,Data,Order,Stocks,USD,MARA,2024-02-22 10:56:50,-400.0,24.4,24.56,9760.0,-2.3374832,-9642.18,115.482517,-64.0,C,9760.0,0.0
Trades,Data,Order,Stocks,USD,MARA,2024-02-22 11:43:54,400.0,24.8,24.56,-9920.0,-2.18,9922.18,0.0,-96.0,O,-9920.0,0.0
Trades,Data,Order,Stocks,USD,MARA,2024-02-22 12:18:59,-400.0,24.95,24.56,9980.0,-2.3394016,-9650.16,327.500598,156.0,C,9980.0,0.0
Trades,Data,Order,Stocks,USD,MARA,2024-02-23 12:21:48,400.0,24.48,23.99,-9792.0,-2.18,9794.18,0.0,-196.0,O;P,-9792.0,0.0
Trades,Data,Order,Stocks,USD,MARA,2024-02-26 09:30:45,-400.0,24.8,29.19,9920.0,-2.3388784,-9922.18,-4.518878,-1756.0,C,9920.0,0.0
Trades,Data,Order,Stocks,USD,MARA,2024-02-26 09:47:31,400.0,26.1,29.19,-10440.0,-2.18,10442.18,0.0,1236.0,O,-10440.0,0.0
Trades,Data,Order,Stocks,USD,MARA,2024-02-26 09:47:48,-400.0,26.2,29.19,10480.0,-2.3437616,-9794.18,683.47624,-1196.0,C,10480.0,0.0
Trades,Data,Order,Stocks,USD,MARA,2024-02-26 09:50:43,400.0,26.4,29.19,-10560.0,-2.18,10562.18,0.0,1116.0,O;P,-10560.0,0.0
Trades,Data,Order,Stocks,USD,MARA,2024-02-26 09:57:16,-400.0,26.5,29.19,10600.0,-2.344808,-10442.18,155.475192,-1076.0,C,10600.0,0.0
Trades,Data,Order,Stocks,USD,MARA,2024-02-26 10:07:11,400.0,26.69,29.19,-10676.0,-2.18,10678.18,0.0,1000.0,O,-10676.0,0.0
Trades,Data,Order,Stocks,USD,MARA,2024-02-26 10:07:54,-400.0,26.8,29.19,10720.0,-2.3458544,-10562.18,155.474145,-956.0,C,10720.0,0.0
Trades,Data,Order,Stocks,USD,MARA,2024-02-26 10:11:04,400.0,26.9,29.19,-10760.0,-2.18,10762.18,0.0,916.0,O,-10760.0,0.0
Trades,Data,Order,Stocks,USD,MARA,2024-02-26 10:12:58,-400.0,27.0,29.19,10800.0,-2.346552,-10678.18,119.473448,-876.0,C,10800.0,0.0
Trades,Data,Order,Stocks,USD,MARA,2024-02-26 10:15:03,400.0,27.0,29.19,-10800.0,-2.18,10802.18,0.0,876.0,O;P,-10800.0,0.0
Trades,Data,Order,Stocks,USD,MARA,2024-02-26 10:15:17,-400.0,27.1,29.19,10840.0,-2.3469008,-10762.18,75.473099,-836.0,C,10840.0,0.0
Trades,Data,Order,Stocks,USD,MARA,2024-02-26 10:19:13,400.0,27.3,29.19,-10920.0,-2.18,10922.18,0.0,756.0,O,-10920.0,0.0
Trades,Data,Order,Stocks,USD,MARA,2024-02-26 10:19:36,-400.0,27.45,29.19,10980.0,-2.3481216,-10802.18,175.471879,-696.0,C,10980.0,0.0
Trades,Data,Order,Stocks,USD,MARA,2024-02-26 10:44:41,400.0,27.5,29.19,-11000.0,-2.18,11002.18,0.0,676.0,O,-11000.0,0.0
Trades,Data,Order,Stocks,USD,MARA,2024-02-26 10:45:40,-400.0,27.6,29.19,11040.0,-2.3486448,-10922.18,115.471355,-636.0,C,11040.0,0.0
Trades,Data,Order,Stocks,USD,MARA,2024-02-26 11:06:09,400.0,28.3,29.19,-11320.0,-2.18,11322.18,0.0,356.0,O,-11320.0,0.0
Trades,Data,Order,Stocks,USD,MARA,2024-02-26 11:07:41,-400.0,28.4,29.19,11360.0,-2.3514352,-11002.18,355.468565,-316.0,C,11360.0,0.0
Trades,Data,Order,Stocks,USD,MARA,2024-02-26 11:15:23,400.0,28.6,29.19,-11440.0,-2.18,11442.18,0.0,236.0,O,-11440.0,0.0
Trades,Data,Order,Stocks,USD,MARA,2024-02-26 12:34:28,-400.0,28.7,29.19,11480.0,-2.3524816,-11322.18,155.467518,-196.0,C,11480.0,0.0
Trades,Data,Order,Stocks,USD,MARA,2024-02-27 09:35:37,-400.0,32.412,30.31,12964.8,-2.36542906,-11442.18,1520.254571,840.8,C,12964.8,0.0
Trades,Data,Order,Stocks,USD,MARA,2024-02-27 09:35:37,400.0,32.5,30.31,-13000.0,-2.18,13002.18,0.0,-876.0,O,-13000.0,0.0
Trades,Data,Order,Stocks,USD,MARA,2024-02-27 09:39:45,400.0,32.1956625,30.31,-12878.265,-2.18,12880.445,0.0,-754.265,O;P,-12878.26,0.0
Trades,Data,Order,Stocks,USD,MARA,2024-02-28 09:58:53,-400.0,33.0,31.03,13200.0,-2.36748,-13002.18,195.45252,788.0,C,13200.0,0.0
Trades,Data,Order,Stocks,USD,MARA,2024-02-28 10:06:35,400.0,32.0,31.03,-12800.0,-2.18,12802.18,0.0,-388.0,O,-12800.0,0.0
Trades,Data,Order,Stocks,USD,MARA,2024-02-28 10:09:51,-400.0,32.2,31.03,12880.0,-2.3646896,-12880.445,-2.809689,468.0,C;P,12880.0,0.0
Trades,Data,Order,Stocks,USD,MARA,2024-02-28 10:11:06,400.0,32.2,31.03,-12880.0,-2.18,12882.18,0.0,-468.0,O,-12880.0,0.0
Trades,Data,Order,Stocks,USD,MARA,2024-02-28 10:14:13,-400.0,32.4,31.03,12960.0,-2.3653872,-12802.18,155.454612,548.0,C;P,12960.0,0.0
Trades,Data,Order,Stocks,USD,MARA,2024-02-28 10:16:08,-400.0,32.47125,31.03,12988.5,-2.36563572,-12882.18,103.954363,576.5,C;P,12988.5,0.0
Trades,Data,Order,Stocks,USD,MARA,2024-02-28 10:16:08,400.0,32.48875,31.03,-12995.5,-2.18,12997.68,0.0,-583.5,O;P,-12995.5,0.0
Trades,Data,Order,Stocks,USD,MARA,2024-02-28 10:17:13,100.0,32.485,31.03,-3248.5,-1.09,3249.59,0.0,-145.5,O,-3248.5,0.0
Trades,Data,Order,Stocks,USD,MARA,2024-02-28 10:21:00,300.0,32.1,31.03,-9630.0,-1.635,9631.635,0.0,-321.0,O,-9630.0,0.0
Trades,Data,Order,Stocks,USD,MARA,2024-02-28 10:32:49,-300.0,32.3,31.03,9690.0,-1.7737788,-9748.135,-59.908778,381.0,C;P,9690.0,0.0
Trades,Data,Order,Stocks,USD,MARA,2024-02-28 10:41:40,300.0,31.8,31.03,-9540.0,-1.635,9541.635,0.0,-231.0,O,-9540.0,0.0
Trades,Data,Order,Stocks,USD,MARA,2024-02-28 10:47:26,-300.0,32.0,31.03,9600.0,-1.772994,-9709.68,-111.452994,291.0,C,9600.0,0.0
Trades,Data,Order,Stocks,USD,MARA,2024-02-28 10:50:16,300.0,31.785,31.03,-9535.5,-1.635,9537.135,0.0,-226.5,O,-9535.5,0.0
Trades,Data,Order,Stocks,USD,MARA,2024-02-28 10:53:33,-300.0,32.0,31.03,9600.0,-1.772994,-9601.635,-3.407994,291.0,C,9600.0,0.0
Trades,Data,Order,Stocks,USD,MARA,2024-02-28 10:57:49,400.0,31.59,31.03,-12636.0,-2.18,12638.18,0.0,-224.0,O,-12636.0,0.0
Trades,Data,Order,Stocks,USD,MARA,2024-02-28 10:58:22,-400.0,31.8,31.03,12720.0,-2.3632944,-12719.18,-1.543294,308.0,C,12720.0,0.0
Trades,Data,Order,Stocks,USD,MARA,2024-02-28 11:04:16,-100.0,32.5,31.03,3250.0,-1.136434,-3179.045,69.818566,147.0,C,3250.0,0.0
Trades,Data,Order,Stocks,USD,MARA,2024-02-28 11:08:43,400.0,32.4,31.03,-12960.0,-2.18,12962.18,0.0,-548.0,O,-12960.0,0.0
Trades,Data,Order,Stocks,USD,MARA,2024-02-28 11:15:08,-400.0,32.55,31.03,13020.0,-2.3659104,-12638.18,379.45409,608.0,C,13020.0,0.0
Trades,Data,Order,Stocks,USD,MARA,2024-02-28 11:20:58,400.0,32.3,31.03,-12920.0,-2.18,12922.18,0.0,-508.0,O;P,-12920.0,0.0
Trades,Data,Order,Stocks,USD,MARA,2024-02-28 11:27:26,-400.0,32.5,31.03,13000.0,-2.365736,-12962.18,35.454264,588.0,C,13000.0,0.0
Trades,Data,Order,Stocks,USD,MARA,2024-02-28 12:21:37,400.0,33.4,31.03,-13360.0,-2.18,13362.18,0.0,-948.0,O,-13360.0,0.0
Trades,Data,Order,Stocks,USD,MARA,2024-03-05 11:44:22,400.0,22.8,22.255,-9120.0,-2.18,9122.18,0.0,-218.0,O,-9120.0,0.0
Trades,Data,Order,Stocks,USD,MARA,2024-03-05 11:51:10,-400.0,23.0,22.255,9200.0,-2.3326,-12922.18,-3724.512599,298.0,C,9200.0,0.0
Trades,Data,Order,Stocks,USD,MARA,2024-03-05 12:06:58,400.0,22.8,22.255,-9120.0,-2.18,9122.18,0.0,-218.0,O;P,-9120.0,0.0
Trades,Data,Order,Stocks,USD,MARA,2024-03-05 12:10:02,-400.0,22.501125,22.255,9000.45,-2.33085992,-13362.18,-4364.06086,98.45,C;P,9000.45,0.0
Trades,Data,Order,Stocks,USD,MARA,2024-03-06 09:35:28,400.0,23.4,22.62,-9360.0,-2.18,9362.18,0.0,-312.0,O,-9360.0,0.0
Trades,Data,Order,Stocks,USD,MARA,2024-03-06 12:59:22,-400.0,23.6,22.62,9440.0,-2.33469279,-9122.18,315.485307,392.0,C;P,9440.0,0.0
Trades,Data,Order,Stocks,USD,MARA,2024-03-07 09:58:23,400.0,22.4,21.8,-8960.0,-2.18,8962.18,0.0,-240.0,O,-8960.0,0.0
Trades,Data,Order,Stocks,USD,MARA,2024-03-08 09:38:20,-400.0,23.100325,23.48,9240.13,-2.33294993,-9122.18,115.61705,-151.87,C;P,9240.13,0.0
Trades,Data,Order,Stocks,USD,MARA,2024-03-08 09:46:55,400.0,23.3,23.48,-9320.0,-2.18,9322.18,0.0,72.0,O,-9320.0,0.0
Trades,Data,Order,Stocks,USD,MARA,2024-03-08 09:47:07,-400.0,23.4,23.48,9360.0,-2.3339952,-9362.18,-4.513996,-32.0,C;P,9360.0,0.0
Trades,Data,Order,Stocks,USD,MARA,2024-03-08 09:53:28,100.0,23.87,23.48,-2387.0,-1.09,2388.09,0.0,-39.0,O,-2387.0,0.0
Trades,Data,Order,Stocks,USD,MARA,2024-03-08 09:55:34,300.0,23.7976,23.48,-7139.28,-1.635,7140.915,0.0,-95.28,O;P,-7139.28,0.0
Trades,Data,Order,Stocks,USD,MARA,2024-03-08 10:00:13,-100.0,24.0,23.48,2400.0,-1.129022,-2240.545,158.325978,52.0,C,2400.0,0.0
Trades,Data,Order,Stocks,USD,MARA,2024-03-08 10:00:13,-300.0,24.0,23.48,7200.0,-1.752066,-6721.635,476.612934,156.0,C,7200.0,0.0
Trades,Data,Order,Stocks,USD,MARA,2024-03-08 10:10:38,400.0,24.0,23.48,-9600.0,-2.18,9602.18,0.0,-208.0,O,-9600.0,0.0
Trades,Data,Order,Stocks,USD,MARA,2024-03-08 10:14:42,-400.0,24.2,23.48,9680.0,-2.3367856,-9322.18,355.483214,288.0,C;P,9680.0,0.0
Trades,Data,Order,Stocks,USD,MARA,2024-03-08 10:31:27,400.0,25.0,23.48,-10000.0,-2.18,10002.18,0.0,-608.0,O,-10000.0,0.0
Trades,Data,Order,Stocks,USD,MARA,2024-03-11 12:06:57,-400.0,22.022,20.64,8808.8,-2.32918874,-9529.005,-722.534188,552.8,C,8808.8,0.0
Trades,Data,Order,Stocks,USD,MARA,2024-03-11 13:41:47,400.0,21.9,20.64,-8760.0,-2.18,8762.18,0.0,-504.0,O,-8760.0,0.0
Trades,Data,Order,Stocks,USD,MARA,2024-03-14 10:24:34,-400.0,18.16125,18.23,7264.5,-2.31572244,-9602.18,-2339.995723,-27.5,C;P,7264.5,0.0
Trades,Data,Order,Stocks,USD,MARA,2024-03-14 10:26:45,400.0,18.0,18.23,-7200.0,-2.18,7202.18,0.0,92.0,O,-7200.0,0.0
Trades,Data,Order,Stocks,USD,MARA,2024-03-18 12:49:59,-400.0,19.485,19.41,7794.0,-2.32033968,-10002.18,-2210.50034,30.0,C,7794.0,0.0
Trades,Data,Order,Stocks,USD,MARA,2024-03-18 12:50:46,100.0,19.4,19.41,-1940.0,-1.09,1941.09,0.0,1.0,O,-1940.0,0.0
Trades,Data,Order,Stocks,USD,MARA,2024-03-18 12:52:07,300.0,19.295,19.41,-5788.5,-1.635,5790.135,0.0,34.5,O;P,-5788.5,0.0
Trades,Data,Order,Stocks,USD,MARA,2024-03-18 12:54:00,-400.0,19.085,19.41,7634.0,-2.31894448,-8762.18,-1130.498944,-130.0,C,7634.0,0.0
Trades,Data,Order,Stocks,USD,MARA,2024-03-18 12:56:14,400.0,19.0,19.41,-7600.0,-2.18,7602.18,0.0,164.0,O,-7600.0,0.0
Trades,Data,Order,Stocks,USD,MARA,2024-03-19 09:48:53,-400.0,17.923,19.32,7169.2,-2.31489142,-7202.18,-35.294891,-558.8,C,7169.2,0.0
Trades,Data,Order,Stocks,USD,MARA,2024-03-19 09:58:15,400.0,17.8,19.32,-7120.0,-2.18,7122.18,0.0,608.0,O,-7120.0,0.0
Trades,Data,Order,Stocks,USD,MARA,2024-03-19 10:47:44,-400.0,17.755,19.32,7102.0,-2.31430544,-7731.225,-631.539304,-626.0,C;P,7102.0,0.0
Trades,Data,Order,Stocks,USD,MARA,2024-03-20 10:26:51,300.0,20.348333333,22.43,-6104.5,-1.635,6106.135,0.0,624.5,O;P,-6104.5,0.0
Trades,Data,Order,Stocks,USD,MARA,2024-03-20 10:31:42,-300.0,20.5,22.43,6150.0,-1.74291,-5701.635,446.62209,-579.0,C,6150.0,0.0
Trades,Data,Order,Stocks,USD,MARA,2024-03-20 11:40:55,300.0,20.948333333,22.43,-6284.5,-1.635,6286.135,0.0,444.5,O;P,-6284.5,0.0
Trades,Data,Order,Stocks,USD,MARA,2024-03-20 12:07:18,-300.0,21.05,22.43,6315.0,-1.7443488,-5461.635,851.620651,-414.0,C,6315.0,0.0
Trades,Data,Order,Stocks,USD,MARA,2024-03-21 12:09:29,-400.0,21.7,21.78,8680.0,-2.3280656,-7632.18,1045.491934,-32.0,C,8680.0,0.0
Trades,Data,Order,Stocks,USD,MARA,2024-03-21 13:55:17,400.0,21.6,21.78,-8640.0,-2.18,8642.18,0.0,72.0,O,-8640.0,0.0
Trades,Data,Order,Stocks,USD,MARA,2024-03-22 11:08:25,-400.0,20.8087625,20.87,8323.505,-2.32495696,-8321.18,4.3e-05,-24.495,C;P,8323.51,0.01
Trades,Data,Order,Stocks,USD,MARA,2024-03-25 15:12:39,400.0,21.1,20.95,-8440.0,-2.18,8442.18,0.0,-60.0,O,-8440.0,0.0
Trades,Data,Order,Stocks,USD,MARA,2024-03-27 13:03:07,-400.0,22.0,22.07,8800.0,-2.329112,-8642.18,155.490888,-28.0,C,8800.0,0.0
Trades,Data,Order,Stocks,USD,MARA,2024-03-28 13:40:24,400.0,23.069,22.58,-9227.6,-2.18,9229.78,0.0,-195.6,O;P,-9227.6,0.0
Trades,Data,Order,Stocks,USD,MARA,2024-03-28 14:10:05,-400.0,23.2,22.58,9280.0,-2.3332976,-8442.18,835.486702,248.0,C,9280.0,0.0
Trades,Data,Order,Stocks,USD,MARA,2024-04-01 13:01:44,400.0,21.50575,21.63,-8602.3,-2.18,8604.48,0.0,49.7,O;P,-8602.3,0.0
Trades,Data,Order,Stocks,USD,MARA,2024-04-08 09:54:55,400.0,18.707,17.95,-7482.8,-2.18,7484.98,0.0,-302.8,O;P,-7482.8,0.0
Trades,Data,Order,Stocks,USD,MARA,2024-04-23 10:01:22,-400.0,19.0,19.44,7600.0,-2.318648,-9229.78,-1632.098648,-176.0,C,7600.0,0.0
Trades,Data,Order,Stocks,USD,MARA,2024-04-29 09:50:31,-400.0,17.7715,18.03,7108.6,-2.31436299,-8604.48,-1498.194362,-103.4,C;P,7108.6,0.0
Trades,Data,Order,Stocks,USD,MARA,2024-04-29 09:59:38,400.0,18.089,18.03,-7235.6,-2.18,7237.78,0.0,-23.6,O;P,-7235.6,0.0
Trades,Data,Order,Stocks,USD,MARA,2024-04-30 13:08:59,400.0,16.4,16.06,-6560.0,-2.18,6562.18,0.0,-136.0,O;P,-6560.0,0.0
Trades,Data,Order,Stocks,USD,MARA,2024-05-06 10:13:41,-400.0,19.5,20.67,7800.0,-2.320392,-7484.98,312.699608,-468.0,C,7800.0,0.0
Trades,Data,Order,Stocks,USD,MARA,2024-05-08 09:32:37,400.0,19.35,20.09,-7740.0,-2.18,7742.18,0.0,296.0,O,-7740.0,0.0
Trades,Data,Order,Stocks,USD,MARA,2024-05-20 14:49:00,-400.0,22.5,22.32,9000.0,-2.525094,-7237.78,1759.694906,72.0,C,9000.0,0.0
Trades,Data,Order,Stocks,USD,MARA,2024-05-22 09:52:16,400.0,21.758,21.24,-8703.2,-2.18,8705.38,0.0,-207.2,O,-8703.2,0.0
Trades,Data,Order,Stocks,USD,MARA,2024-05-22 10:15:08,-400.0,22.0,21.24,8800.0,-2.5190336,-6562.18,2235.300967,304.0,C,8800.0,0.0
Trades,Data,Order,Stocks,USD,MARA,2024-05-22 10:17:52,400.0,22.15725,21.24,-8862.9,-2.18,8865.08,0.0,-366.9,IM;O;P,-8862.9,0.0
Trades,Data,Order,Stocks,USD,MARA,2024-05-22 11:42:36,-400.0,22.4,21.24,8960.0,-2.52388192,-7742.18,1215.296118,464.0,C,8960.0,0.0
Trades,Data,Order,Stocks,USD,MARA,2024-05-22 12:53:19,400.0,22.2,21.24,-8880.0,-2.18,8882.18,0.0,-384.0,O,-8880.0,0.0
Trades,Data,Order,Stocks,USD,MARA,2024-05-28 12:58:51,-400.0,21.34,20.73,8536.0,-2.51103387,-8705.38,-171.891034,244.0,C,8536.0,0.0
Trades,Data,Order,Stocks,USD,MARA,2024-05-28 13:06:12,400.0,21.2,20.73,-8480.0,-2.18,8482.18,0.0,-188.0,O,-8480.0,0.0
Trades,Data,Order,Stocks,USD,MARA,2024-05-29 09:41:41,-400.0,20.4105,20.24,8164.2,-2.49976759,-8865.08,-703.379768,68.2,C;IA,8164.2,0.0
Trades,Data,Order,Stocks,USD,MARA,2024-05-29 09:43:08,400.0,20.25,20.24,-8100.0,-2.18,8102.18,0.0,-4.0,O,-8100.0,0.0
Trades,Data,Order,Stocks,USD,MARA,2024-05-29 09:45:35,-400.0,20.185,20.24,8074.0,-2.49703435,-8882.18,-810.677034,-22.0,C,8074.0,0.0
Trades,Data,Order,Stocks,USD,MARA,2024-05-30 10:43:24,400.0,20.05,20.04,-8020.0,-2.18,8022.18,0.0,-4.0,O,-8020.0,0.0
Trades,Data,Order,Stocks,USD,MARA,2024-05-30 11:01:37,-400.0,19.86,20.04,7944.0,-2.49309509,-8482.18,-540.673095,-72.0,C,7944.0,0.0
Trades,Data,Order,Stocks,USD,MARA,2024-05-31 10:15:05,400.0,19.75,19.52,-7900.0,-2.18,7902.18,0.0,-92.0,O,-7900.0,0.0
Trades,Data,Order,Stocks,USD,MARA,2024-05-31 13:43:48,-400.0,19.255,19.52,7702.0,-2.485762,-8102.18,-402.665762,-106.0,C;P,7702.0,0.0
Trades,Data,Order,Stocks,USD,MARA,2024-05-31 14:31:46,400.0,19.15,19.52,-7660.0,-2.18,7662.18,0.0,148.0,O,-7660.0,0.0
Trades,Data,Order,Stocks,USD,MARA,2024-06-04 09:52:30,-400.0,20.01,20.52,8004.0,-2.49491321,-8022.18,-20.674913,-204.0,C,8004.0,0.0
Trades,Data,Order,Stocks,USD,MARA,2024-06-04 09:59:39,400.0,19.85,20.52,-7940.0,-2.18,7942.18,0.0,268.0,O,-7940.0,0.0
Trades,Data,Order,Stocks,USD,MARA,2024-06-04 12:23:43,-400.0,20.805,20.52,8322.0,-2.50454924,-7902.18,417.315451,114.0,C,8322.0,0.0
Trades,Data,Order,Stocks,USD,MARA,2024-06-04 13:35:57,400.0,20.7,20.52,-8280.0,-2.18,8282.18,0.0,-72.0,O,-8280.0,0.0
Trades,Data,Order,Stocks,USD,MARA,2024-06-05 10:22:07,-400.0,19.7105,21.07,7884.2,-2.49128303,-7662.18,219.528717,-543.8,C;IA,7884.2,0.0
Trades,Data,Order,Stocks,USD,MARA,2024-06-07 13:35:37,400.0,19.6,19.27,-7840.0,-2.18,7842.18,0.0,-132.0,O,-7840.0,0.0
Trades,Data,Order,Stocks,USD,MARA,2024-06-21 14:05:08,400.0,18.695,19.21,-7478.0,-2.18,7480.18,0.0,206.0,O,-7478.0,0.0
Trades,Data,Order,Stocks,USD,MARA,2024-06-25 10:31:01,-400.0,19.68,19.25,7872.0,-2.49091334,-7942.18,-72.670913,172.0,C,7872.0,0.0
Trades,Data,Order,Stocks,USD,MARA,2024-07-01 14:15:19,-400.0,22.4,22.56,8960.0,-2.52388192,-8282.18,675.296118,-64.0,C,8960.0,0.0
Trades,Data,Order,Stocks,USD,MARA,2024-07-02 09:33:16,-400.0,22.6,22.12,9040.0,-2.52630608,-7842.18,1195.293694,192.0,C,9040.0,0.0
Trades,Data,Order,Stocks,USD,MARA,2024-07-02 14:03:34,400.0,22.135,22.12,-8854.0,-2.18,8856.18,0.0,-6.0,O,-8854.0,0.0
Trades,Data,Order,Stocks,USD,MARA,2024-07-02 14:22:18,-400.0,22.25125,22.12,8900.5,-2.52207895,-7480.18,1417.797921,52.5,C;P,8900.5,0.0
Trades,Data,Order,Stocks,USD,MARA,2024-07-03 10:58:43,600.0,20.9195,20.98,-12551.7,-3.27,12554.97,0.0,36.3,IA;O;P,-12551.7,0.0
Trades,Data,Order,Stocks,USD,MARA,2024-07-15 09:30:01,-600.0,21.91,24.58,13146.0,-3.77691409,-13041.17,101.053086,-1602.0,C,13146.0,0.0
Trades,Data,Order,Stocks,USD,MARA,2024-07-22 10:04:39,400.0,24.005,23.95,-9602.0,-2.18,9604.18,0.0,-22.0,O,-9602.0,0.0
Trades,Data,Order,Stocks,USD,MARA,2024-07-22 13:49:05,-400.0,24.5,23.95,9800.0,-2.5493356,-8369.98,1427.470664,220.0,C,9800.0,0.0
Trades,Data,Order,Stocks,USD,MARA,2024-07-23 10:45:23,400.0,23.05,21.65,-9220.0,-2.18,9222.18,0.0,-560.0,O,-9220.0,0.0
Trades,Data,Order,Stocks,USD,MARA,2024-08-01 14:54:20,400.0,17.9,18.14,-7160.0,-2.18,7162.18,0.0,96.0,O,-7160.0,0.0
Trades,Data,Order,Stocks,USD,MARA,2024-08-05 09:57:07,150.0,15.44,16.95,-2316.0,-1.09,2317.09,0.0,226.5,O,-2316.0,0.0
Trades,Data,Order,Stocks,USD,MARA,2024-08-05 10:00:10,-150.0,15.7,16.95,2355.0,-1.18850221,-3601.5675,-1247.756002,-187.5,C;P,2355.0,0.0
Trades,Data,Order,Stocks,USD,MARA,2024-08-14 12:02:57,600.0,15.205,15.14,-9123.0,-3.27,9126.27,0.0,-39.0,O;P,-9123.0,0.0
Trades,Data,Order,Stocks,USD,MARA,2024-08-15 09:31:18,-600.0,15.45,15.46,9270.0,-3.65946354,-14072.02,-4805.679463,-6.0,C,9270.0,0.0
Trades,Data,Order,Stocks,USD,MARA,2024-08-15 14:12:16,400.0,15.6,15.46,-6240.0,-2.18,6242.18,0.0,-56.0,O,-6240.0,0.0
Trades,Data,Order,Stocks,USD,MARA,2024-08-16 09:32:10,-400.0,15.8,16.24,6320.0,-2.44388464,-7419.68,-1102.123885,-176.0,C,6320.0,0.0
Trades,Data,Order,Stocks,USD,MARA,2024-08-20 11:07:46,600.0,16.175,16.42,-9705.0,-3.27,9708.27,0.0,147.0,O,-9705.0,0.0
Trades,Data,Order,Stocks,USD,MARA,2024-08-20 11:23:44,-600.0,16.4,16.42,9840.0,-3.67673568,-9296.5425,539.780764,-12.0,C,9840.0,0.0
Trades,Data,Order,Stocks,USD,MARA,2024-08-20 11:40:16,600.0,16.44,16.42,-9864.0,-3.27,9867.27,0.0,-12.0,O,-9864.0,0.0
Trades,Data,Order,Stocks,USD,MARA,2024-08-20 14:24:07,-600.0,16.6,16.42,9960.0,-3.68037192,-9284.27,672.049628,108.0,C;P,9960.0,0.0
Trades,Data,Order,Stocks,USD,MARA,2024-08-21 13:19:34,500.0,17.028,17.63,-8514.0,-2.725,8516.725,0.0,301.0,O;P,-8514.0,0.0
Trades,Data,Order,Stocks,USD,MARA,2024-08-21 13:34:36,-500.0,17.12,17.63,8560.0,-3.07485512,-8090.225,466.700145,-255.0,C,8560.0,0.0
Trades,Data,Order,Stocks,USD,MARA,2024-08-22 10:03:49,500.0,17.5266,16.86,-8763.3,-2.725,8766.025,0.0,-333.3,O;P,-8763.3,0.0
Trades,Data,Order,Stocks,USD,MARA,2024-08-23 10:11:52,-500.0,17.7,18.69,8850.0,-3.0836427,-8196.225,650.691357,-495.0,C,8850.0,0.0
Trades,Data,Order,Stocks,USD,MARA,2024-08-23 10:38:56,500.0,17.7,18.69,-8850.0,-2.725,8852.725,0.0,495.0,O,-8850.0,0.0
Trades,Data,Order,Stocks,USD,MARA,2024-08-23 11:40:50,-500.0,17.9,18.69,8950.0,-3.0866729,-8399.225,547.688326,-395.0,C;P,8950.0,0.0
Trades,Data,Order,Stocks,USD,MARA,2024-08-26 12:41:10,500.0,18.64,18.56,-9320.0,-2.725,9322.725,0.0,-40.0,O,-9320.0,0.0
Trades,Data,Order,Stocks,USD,MARA,2024-08-26 13:24:52,-500.0,18.82,18.56,9410.0,-3.10061182,-8666.3975,740.501889,130.0,C;P,9410.0,0.0
Trades,Data,Order,Stocks,USD,MARA,2024-08-27 12:06:52,500.0,17.2,17.75,-8600.0,-2.725,8602.725,0.0,275.0,O,-8600.0,0.0
Trades,Data,Order,Stocks,USD,MARA,2024-08-27 13:59:22,-500.0,17.5,17.75,8750.0,-3.0806125,-8817.8525,-70.933112,-125.0,C,8750.0,0.0
Trades,Data,Order,Stocks,USD,MARA,2024-08-28 10:22:34,100.0,17.15,17.13,-1715.0,-1.09,1716.09,0.0,-2.0,O,-1715.0,0.0
Trades,Data,Order,Stocks,USD,MARA,2024-08-29 09:30:01,-100.0,17.58,16.99,1758.0,-1.16136492,-1770.545,-13.706365,59.0,C,1758.0,0.0
Trades,Data,Order,Stocks,USD,MARA,2024-08-29 09:40:42,500.0,17.7492,16.99,-8874.6,-2.725,8877.325,0.0,-379.6,O;P,-8874.6,0.0
Trades,Data,Order,Stocks,USD,MARA,2024-08-29 09:55:52,-500.0,17.85,16.99,8925.0,-3.08591535,-9228.725,-306.810915,430.0,C,8925.0,0.0
Trades,Data,Order,Stocks,USD,MARA,2024-08-30 11:30:21,500.0,16.6,16.7,-8300.0,-2.725,8302.725,0.0,50.0,O,-8300.0,0.0
Trades,Data,Order,Stocks,USD,MARA,2024-08-30 12:56:12,-500.0,16.75,16.7,8375.0,-3.06924925,-8746.725,-374.794249,25.0,C;P,8375.0,0.0
Trades,Data,Order,Stocks,USD,MARA,2024-09-03 09:44:26,500.0,16.06922,15.26,-8034.61,-2.725,8037.335,0.0,-404.61,O;P,-8034.61,0.0
Trades,Data,Order,Stocks,USD,MARA,2024-09-03 12:10:56,400.0,15.5,15.26,-6200.0,-2.18,6202.18,0.0,-96.0,O,-6200.0,0.0
Trades,Data,Order,Stocks,USD,MARA,2024-09-10 14:31:50,-400.0,15.7,15.94,6280.0,-2.46534456,-6987.725,-710.183544,-96.0,C,6280.0,0.0
Trades,Data,Order,Stocks,USD,MARA,2024-09-13 09:56:34,400.0,16.08925,16.12,-6435.7,-2.202672,6437.902672,0.0,12.3,O;P,-6435.7,0.0
Trades,Data,Order,Stocks,USD,MARA,2024-09-13 10:06:38,-400.0,16.25,16.12,6500.0,-2.472011,-6986.78,-489.245211,52.0,C,6500.0,0.0
Trades,Data,Order,Stocks,USD,MARA,2024-09-13 10:06:55,-500.0,16.3,16.12,8150.0,-3.0907713,-8250.2,-103.282271,90.0,C,8150.0,0.0
Trades,Data,Order,Stocks,USD,MARA,2024-09-16 11:25:01,500.0,16.19443,15.87,-8097.215,-2.75334,8099.96834,0.0,-162.215,O;P,-8097.22,-0.01
Trades,Data,Order,Stocks,USD,MARA,2024-09-17 09:30:02,-500.0,16.3,15.87,8150.0,-3.0907713,-7979.86,167.057729,215.0,C,8150.0,0.0
Trades,Data,Order,Stocks,USD,MARA,2024-09-18 09:59:26,500.0,15.725,15.34,-7862.5,-2.75334,7865.25334,0.0,-192.5,IM;O;P,-7862.5,0.0
Trades,Data,Order,Stocks,USD,MARA,2024-09-18 10:10:52,-500.0,15.9,15.34,7950.0,-3.0847109,-7870.734573,76.189215,280.0,C,7950.0,0.0
Trades,Data,Order,Stocks,USD,MARA,2024-09-18 11:17:23,500.0,15.75,15.34,-7875.0,-2.75334,7877.75334,0.0,-205.0,O,-7875.0,0.0
Trades,Data,Order,Stocks,USD,MARA,2024-09-18 12:37:52,-500.0,15.9,15.34,7950.0,-3.0847109,-8078.763899,-131.84011,280.0,C,7950.0,0.0
Trades,Data,Order,Stocks,USD,MARA,2024-09-19 11:17:45,500.0,15.965,15.45,-7982.5,-2.75334,7985.25334,0.0,-257.5,O;P,-7982.5,0.0
Trades,Data,Order,Stocks,USD,MARA,2024-09-19 13:04:24,-500.0,16.2,15.45,8100.0,-3.0892562,-7959.1569,137.762344,375.0,C,8100.0,0.0
Trades,Data,Order,Stocks,USD,MARA,2024-09-20 10:29:31,500.0,15.3202,15.54,-7660.1,-2.75334,7662.85334,0.0,109.9,O;P,-7660.1,0.0
Trades,Data,Order,Stocks,USD,MARA,2024-09-20 14:53:18,-500.0,15.5,15.54,7750.0,-3.0786505,-7872.74824,-125.81839,-20.0,C,7750.0,0.0
Trades,Data,Order,Stocks,USD,MARA,2024-09-23 09:40:47,500.0,15.855,16.07,-7927.5,-2.75334,7930.25334,0.0,107.5,O,-7927.5,0.0
Trades,Data,Order,Stocks,USD,MARA,2024-09-23 10:23:05,-500.0,16.0,16.07,8000.0,-3.086226,-7942.24994,54.672334,-35.0,C,8000.0,0.0
Trades,Data,Order,Stocks,USD,MARA,2024-09-23 13:15:55,500.0,15.985,16.07,-7992.5,-2.75334,7995.25334,0.0,42.5,O;P,-7992.5,0.0
Trades,Data,Order,Stocks,USD,MARA,2024-09-24 09:30:00,-500.0,16.15,16.41,8075.0,-3.08849865,-7790.45334,281.45816,-130.0,C;P,8075.0,0.0
Trades,Data,Order,Stocks,USD,MARA,2024-09-24 11:58:26,500.0,15.705,16.41,-7852.5,-2.75334,7855.25334,0.0,352.5,O,-7852.5,0.0
Trades,Data,Order,Stocks,USD,MARA,2024-09-24 13:04:28,-500.0,15.9,16.41,7950.0,-3.0847109,-7824.65334,122.270449,-255.0,C,7950.0,0.0
Trades,Data,Order,Stocks,USD,MARA,2024-09-25 12:37:01,500.0,16.3995,16.14,-8199.75,-2.75334,8202.50334,0.0,-129.75,IA;O;P,-8199.75,0.0
Trades,Data,Order,Stocks,USD,MARA,2024-09-26 09:30:01,-500.0,16.7,17.52,8350.0,-3.0968317,-7969.52584,377.385828,-410.0,C,8350.0,0.0
Trades,Data,Order,Stocks,USD,MARA,2024-09-26 11:11:20,500.0,16.925,17.52,-8462.5,-2.75334,8465.25334,0.0,297.5,O;P,-8462.5,0.0
Trades,Data,Order,Stocks,USD,MARA,2024-09-26 11:14:40,-500.0,17.1,17.52,8550.0,-3.1028921,-7910.98084,635.922524,-210.0,C;P,8550.0,0.0
Trades,Data,Order,Stocks,USD,MARA,2024-09-30 13:25:50,500.0,16.345,16.22,-8172.5,-2.75334,8175.25334,0.0,-62.5,O;P,-8172.5,0.0
Trades,Data,Order,Stocks,USD,MARA,2024-10-04 13:06:22,-500.0,16.55,16.31,8275.0,-3.10545905,-8063.871732,208.034808,120.0,C,8275.0,0.0
Trades,Data,Order,Stocks,USD,MARA,2024-10-07 11:51:32,500.0,15.965,15.99,-7982.5,-2.76424,7985.26424,0.0,12.5,IM;O;P,-7982.5,0.0
Trades,Data,Order,Stocks,USD,MARA,2024-10-07 12:47:15,-500.0,16.15,15.99,8075.0,-3.09939865,-8359.884948,-287.972346,80.0,C,8075.0,0.0
Trades,Data,Order,Stocks,USD,MARA,2024-10-08 09:52:38,500.0,16.015,15.83,-8007.5,-2.76424,8010.26424,0.0,-92.5,IM;O;P,-8007.5,0.0
Trades,Data,Order,Stocks,USD,MARA,2024-10-08 10:01:15,-500.0,16.2,15.83,8100.0,-3.1001562,-8291.25334,-194.353498,185.0,C;P,8100.0,0.0
Trades,Data,Order,Stocks,USD,MARA,2024-10-08 11:33:21,500.0,15.94,15.83,-7970.0,-2.76424,7972.76424,0.0,-55.0,O;P,-7970.0,0.0
Trades,Data,Order,Stocks,USD,MARA,2024-10-11 11:05:41,-500.0,16.15,16.08,8075.0,-3.08631865,-8061.25988,10.653801,35.0,C;P,8075.0,0.0
Trades,Data,Order,Stocks,USD,MARA,2024-10-11 12:38:44,500.0,15.95,16.08,-7975.0,-2.75116,7977.75116,0.0,65.0,O,-7975.0,0.0
Trades,Data,Order,Stocks,USD,MARA,2024-10-11 13:38:00,-500.0,16.05,16.08,8025.0,-3.08480355,-8000.26424,21.650957,-15.0,C,8025.0,0.0
Trades,Data,Order,Stocks,USD,MARA,2024-10-15 11:49:42,500.0,17.155,16.92,-8577.5,-2.76424,8580.26424,0.0,-117.5,O;P,-8577.5,0.0
Trades,Data,Order,Stocks,USD,MARA,2024-10-15 12:08:36,-500.0,17.28,16.92,8640.0,-3.10343928,-7988.76424,648.13232,180.0,C,8640.0,0.0
Trades,Data,Order,Stocks,USD,MARA,2024-10-15 12:22:12,500.0,17.2,16.92,-8600.0,-2.75116,8602.75116,0.0,-140.0,O,-8600.0,0.0
Trades,Data,Order,Stocks,USD,MARA,2024-10-15 12:34:11,-500.0,17.32,16.92,8660.0,-3.10404532,-7974.756392,682.139563,200.0,C,8660.0,0.0
Trades,Data,Order,Stocks,USD,MARA,2024-10-16 10:58:26,500.0,17.4379,18.08,-8718.95,-2.76424,8721.71424,0.0,321.05,IM;O;P,-8718.95,0.0
Trades,Data,Order,Stocks,USD,MARA,2024-10-16 11:17:10,-500.0,17.6,18.08,8800.0,-3.1082876,-8339.259008,457.632704,-240.0,C,8800.0,0.0
Trades,Data,Order,Stocks,USD,MARA,2024-10-16 12:16:23,500.0,17.72,18.08,-8860.0,-2.75116,8862.75116,0.0,180.0,O,-8860.0,0.0
Trades,Data,Order,Stocks,USD,MARA,2024-10-16 12:29:08,-500.0,17.85,18.08,8925.0,-3.11207535,-8593.756392,328.131533,-115.0,C,8925.0,0.0
Trades,Data,Order,Stocks,USD,MARA,2024-10-17 10:28:15,500.0,17.2,18.01,-8600.0,-2.75116,8602.75116,0.0,405.0,O,-8600.0,0.0
Trades,Data,Order,Stocks,USD,MARA,2024-10-17 10:31:05,-500.0,17.35,18.01,8675.0,-3.10449985,-8674.109008,-2.213507,-330.0,C;P,8675.0,0.0
Trades,Data,Order,Stocks,USD,MARA,2024-10-21 12:27:30,500.0,18.1,18.71,-9050.0,-2.75116,9052.75116,0.0,305.0,O,-9050.0,0.0
Trades,Data,Order,Stocks,USD,MARA,2024-10-21 12:54:00,-500.0,18.25,18.71,9125.0,-3.11813575,-8806.356392,315.525473,-230.0,C;P,9125.0,0.0
Trades,Data,Order,Stocks,USD,MARA,2024-10-22 13:02:07,500.0,18.5,18.97,-9250.0,-2.75116,9252.75116,0.0,235.0,O,-9250.0,0.0
Trades,Data,Order,Stocks,USD,MARA,2024-10-22 13:07:21,-500.0,18.65,18.97,9325.0,-3.12419615,-8706.75116,615.124644,-160.0,C,9325.0,0.0
Trades,Data,Order,Stocks,USD,MARA,2024-10-23 10:57:46,500.0,18.385,18.07,-9192.5,-2.76424,9195.26424,0.0,-157.5,O,-9192.5,0.0
Trades,Data,Order,Stocks,USD,MARA,2024-10-23 13:12:37,500.0,17.45,18.07,-8725.0,-2.75116,8727.75116,0.0,310.0,O,-8725.0,0.0
Trades,Data,Order,Stocks,USD,MARA,2024-10-23 14:41:08,-500.0,17.6,18.07,8800.0,-3.1082876,-8872.75116,-75.859448,-235.0,C,8800.0,0.0
Trades,Data,Order,Stocks,USD,MARA,2024-10-24 10:07:24,-500.0,18.8534,18.22,9426.7,-3.14035786,-9172.75116,250.808483,316.7,C;P,9426.7,0.0
Trades,Data,Order,Stocks,USD,MARA,2024-10-24 10:11:58,500.0,18.8,18.22,-9400.0,-2.75116,9402.75116,0.0,-290.0,O,-9400.0,0.0
Trades,Data,Order,Stocks,USD,MARA,2024-10-28 15:18:52,-500.0,18.95,18.94,9475.0,-3.12874145,-9218.259008,253.61225,5.0,C,9475.0,0.0
Trades,Data,Order,Stocks,USD,MARA,2024-10-29 10:11:05,500.0,19.4386,18.94,-9719.3,-2.753776,9722.053776,0.0,-249.3,O;P,-9719.3,0.0
Trades,Data,Order,Stocks,USD,MARA,2024-11-06 13:58:37,-500.0,19.55,19.32,9775.0,-3.13783205,-8914.756392,857.105776,115.0,C,9775.0,0.0
Trades,Data,Order,Stocks,USD,MARA,2024-11-07 13:06:19,500.0,19.3,19.31,-9650.0,-2.75116,9652.75116,0.0,5.0,O,-9650.0,0.0
Trades,Data,Order,Stocks,USD,MARA,2024-11-07 13:32:53,-500.0,19.45,19.31,9725.0,-3.13631695,-9132.75116,589.112523,70.0,C,9725.0,0.0
Trades,Data,Order,Stocks,USD,MARA,2024-11-11 09:30:01,-400.0,22.23,25.01,8892.0,-2.54274938,-7650.200928,1239.256323,-1112.0,C,8892.0,0.0
Trades,Data,Order,Stocks,USD,MARA,2024-11-11 10:19:09,-400.0,23.55,25.01,9420.0,-2.55874884,-7763.503544,1653.937708,-584.0,C,9420.0,0.0
Trades,Data,Order,Stocks,USD,MARA,2024-11-12 12:23:33,400.0,24.2,25.23,-9680.0,-2.200928,9682.200928,0.0,412.0,O,-9680.0,0.0
Trades,Data,Order,Stocks,USD,MARA,2024-11-12 12:27:42,-400.0,24.35,25.23,9740.0,-2.56844548,-7722.200928,2015.230627,-352.0,C,9740.0,0.0
Trades,Data,Order,Stocks,USD,MARA,2024-11-13 10:06:07,400.0,24.1,21.7,-9640.0,-2.200928,9642.200928,0.0,-960.0,O,-9640.0,0.0
Trades,Data,Order,Stocks,USD,MARA,2024-11-13 10:10:44,-400.0,24.4,21.7,9760.0,-2.56905152,-9682.200928,75.23002,1080.0,C,9760.0,0.0
Trades,Data,Order,Stocks,USD,MARA,2024-11-13 10:18:01,400.0,24.715,21.7,-9886.0,-2.211392,9888.211392,0.0,-1206.0,O;P,-9886.0,0.0
Trades,Data,Order,Stocks,USD,MARA,2024-11-13 10:21:03,-400.0,24.9,21.7,9960.0,-2.57511192,-9642.200928,315.22396,1280.0,C;P,9960.0,0.0
Trades,Data,Order,Stocks,USD,MARA,2024-11-15 11:43:31,400.0,20.6,21.07,-8240.0,-2.200928,8242.200928,0.0,188.0,O,-8240.0,0.0
Trades,Data,Order,Stocks,USD,MARA,2024-11-15 14:46:29,-400.0,20.85,21.07,8340.0,-2.52602268,-9888.211392,-1550.737414,-88.0,C,8340.0,0.0
Trades,Data,Order,Stocks,USD,MARA,2024-11-18 09:41:43,500.0,19.98,18.105,-9990.0,-2.75116,9992.75116,0.0,-937.5,O;P,-9990.0,0.0
Trades,Data,Order,Stocks,USD,MARA,2024-11-18 10:33:17,-500.0,20.2,18.105,10100.0,-3.1476802,-10241.29616,-144.44384,1047.5,C,10100.0,0.0
Trades,Data,Order,Stocks,USD,MARA,2024-11-20 09:45:52,400.0,21.2378,22.63,-8495.12,-2.211392,8497.331392,0.0,556.88,IM;O;P,-8495.12,0.0
Trades,Data,Order,Stocks,USD,MARA,2024-11-20 09:47:08,-400.0,21.5,22.63,8600.0,-2.5339012,-7993.655928,603.810172,-452.0,C,8600.0,0.0
Trades,Data,Order,Stocks,USD,MARA,2024-11-25 15:45:00,400.0,26.205,26.42,-10482.0,-2.211392,10484.211392,0.0,86.0,O;P,-10482.0,0.0
Trades,Data,Order,Stocks,USD,MARA,2024-11-25 15:55:31,-400.0,26.4,26.42,10560.0,-2.59329312,-8497.331392,2060.075315,-8.0,C,10560.0,0.0
Trades,Data,Order,Stocks,USD,MARA,2024-11-26 14:51:25,400.0,25.0,24.97,-10000.0,-2.200928,10002.200928,0.0,-12.0,O,-10000.0,0.0
Trades,Data,Order,Stocks,USD,MARA,2024-11-26 15:06:05,-400.0,25.22,24.97,10088.0,-2.57899058,-10484.211392,-398.790383,100.0,C;P,10088.0,0.0
Trades,Data,Order,Stocks,USD,MARA,2024-11-27 11:01:40,400.0,25.5,26.92,-10200.0,-2.200928,10202.200928,0.0,568.0,O,-10200.0,0.0
Trades,Data,Order,Stocks,USD,MARA,2024-11-27 11:22:00,-400.0,25.7,26.92,10280.0,-2.58480856,-10002.200928,275.214264,-488.0,C;P,10280.0,0.0
Trades,Data,Order,Stocks,USD,MARA,2024-12-02 10:00:19,400.0,26.12,25.63,-10448.0,-2.211392,10450.211392,0.0,-196.0,IM;O;P,-10448.0,0.0
Trades,Data,Order,Stocks,USD,MARA,2024-12-02 10:21:56,-400.0,26.4,25.63,10560.0,-2.59329312,-10202.200928,355.205779,308.0,C;P,10560.0,0.0
Trades,Data,Order,Stocks,USD,MARA,2024-12-02 10:49:03,400.0,26.0,25.63,-10400.0,-2.200928,10402.200928,0.0,-148.0,O,-10400.0,0.0
Trades,Data,Order,Stocks,USD,MARA,2024-12-02 10:51:24,-400.0,26.22,25.63,10488.0,-2.59111138,-10450.211392,35.197496,236.0,C,10488.0,0.0
Trades,Data,Order,Stocks,USD,MARA,2024-12-02 13:29:34,400.0,25.0,25.63,-10000.0,-2.200928,10002.200928,0.0,252.0,O;P,-10000.0,0.0
Trades,Data,Order,Stocks,USD,MARA,2024-12-02 13:29:34,400.0,25.0,25.63,-10000.0,-2.200928,10002.200928,0.0,252.0,O,-10000.0,0.0
Trades,Data,Order,Stocks,USD,MARA,2024-12-02 15:06:25,-400.0,25.2,25.63,10080.0,-2.57874816,-10402.200928,-324.779676,-172.0,C,10080.0,0.0
Trades,Data,Order,Stocks,USD,MARA,2024-12-02 15:06:26,-400.0,25.22,25.63,10088.0,-2.57899058,-10002.200928,83.220081,-164.0,C,10088.0,0.0
Trades,Data,Order,Stocks,USD,MARA,2024-12-03 09:30:01,500.0,24.5,25.13,-12250.0,-2.75116,12252.75116,0.0,315.0,O,-12250.0,0.0
Trades,Data,Order,Stocks,USD,MARA,2024-12-03 09:41:12,-500.0,25.0,25.13,12500.0,-3.220405,-12452.75116,44.028435,-65.0,C,12500.0,0.0
Trades,Data,Order,Stocks,USD,MARA,2024-12-03 10:43:00,400.0,25.5,25.13,-10200.0,-2.200928,10202.200928,0.0,-148.0,O;P,-10200.0,0.0
Trades,Data,Order,Stocks,USD,MARA,2024-12-04 09:42:09,-400.0,25.72,25.96,10288.0,-2.58505098,-9802.200928,483.214021,-96.0,C,10288.0,0.0
Trades,Data,Order,Stocks,USD,MARA,2024-12-04 14:00:03,500.0,25.2,25.96,-12600.0,-2.75116,12602.75116,0.0,380.0,O,-12600.0,0.0
Trades,Data,Order,Stocks,USD,MARA,2024-12-04 14:03:53,-500.0,25.31,25.96,12655.0,-3.22510181,-12722.751161,-70.976263,-325.0,C;P,12655.0,0.0
Trades,Data,Order,Stocks,USD,MARA,2024-12-04 14:14:22,500.0,25.25,25.96,-12625.0,-2.75116,12627.75116,0.0,355.0,O,-12625.0,0.0
Trades,Data,Order,Stocks,USD,MARA,2024-12-04 14:17:09,-500.0,25.4,25.96,12700.0,-3.2264654,-12607.75116,89.022375,-280.0,C,12700.0,0.0
Trades,Data,Order,Stocks,USD,MARA,2024-12-04 14:21:39,500.0,25.35,25.96,-12675.0,-2.75116,12677.75116,0.0,305.0,O;P,-12675.0,0.0
Trades,Data,Order,Stocks,USD,MARA,2024-12-04 14:29:49,-500.0,25.46,25.96,12730.0,-3.22737446,-12638.490632,88.281994,-250.0,C,12730.0,0.0
Trades,Data,Order,Stocks,USD,MARA,2024-12-05 15:16:47,500.0,25.1,24.79,-12550.0,-2.75116,12552.75116,0.0,-155.0,O,-12550.0,0.0
Trades,Data,Order,Stocks,USD,MARA,2024-12-06 09:30:00,-500.0,25.5,26.43,12750.0,-3.2279805,-12652.011689,94.760331,-465.0,C,12750.0,0.0
Trades,Data,Order,Stocks,USD,MARA,2024-12-06 10:04:06,500.0,25.3,26.43,-12650.0,-2.75116,12652.75116,0.0,565.0,O,-12650.0,0.0
Trades,Data,Order,Stocks,USD,MARA,2024-12-06 10:06:14,-500.0,25.52,26.43,12760.0,-3.22828352,-12572.75116,184.020556,-455.0,C;P,12760.0,0.0
Trades,Data,Order,Stocks,USD,MARA,2024-12-06 10:12:52,500.0,25.75,26.43,-12875.0,-2.75116,12877.75116,0.0,340.0,O,-12875.0,0.0
Trades,Data,Order,Stocks,USD,MARA,2024-12-06 10:14:04,-500.0,25.95,26.43,12975.0,-3.23479845,-12697.75116,274.014041,-240.0,C,12975.0,0.0
Trades,Data,Order,Stocks,USD,MARA,2024-12-06 10:50:26,500.0,26.2,26.43,-13100.0,-2.75116,13102.75116,0.0,115.0,O,-13100.0,0.0
Trades,Data,Order,Stocks,USD,MARA,2024-12-06 10:58:44,-500.0,26.41,26.43,13205.0,-3.24176791,-12922.75116,279.007072,-10.0,C;P,13205.0,0.0
Trades,Data,Order,Stocks,USD,MARA,2024-12-06 11:23:47,500.0,26.2,26.43,-13100.0,-2.75116,13102.75116,0.0,115.0,O;P,-13100.0,0.0
Trades,Data,Order,Stocks,USD,MARA,2024-12-06 11:38:14,-500.0,26.41,26.43,13205.0,-3.24176791,-13102.75116,99.007072,-10.0,C,13205.0,0.0
Trades,Data,Order,Stocks,USD,MARA,2024-12-06 11:52:05,500.0,26.0,26.43,-13000.0,-2.75116,13002.75116,0.0,215.0,O,-13000.0,0.0
Trades,Data,Order,Stocks,USD,MARA,2024-12-06 12:35:38,-500.0,26.2,26.43,13100.0,-3.2385862,-13082.75116,14.010254,-115.0,C,13100.0,0.0
Trades,Data,Order,Stocks,USD,MARA,2024-12-06 14:13:11,500.0,26.05,26.43,-13025.0,-2.75116,13027.75116,0.0,190.0,O,-13025.0,0.0
Trades,Data,Order,Stocks,USD,MARA,2024-12-06 15:30:03,-500.0,26.2,26.43,13100.0,-3.2385862,-13007.75116,89.010254,-115.0,C,13100.0,0.0
Trades,Data,Order,Stocks,USD,MARA,2024-12-09 09:30:02,500.0,25.58,23.855,-12790.0,-2.75116,12792.75116,0.0,-862.5,O,-12790.0,0.0
Trades,Data,Order,Stocks,USD,MARA,2024-12-09 09:31:10,-500.0,26.0,23.855,13000.0,-3.235556,-12980.75116,16.013284,1072.5,C,13000.0,0.0
Trades,Data,Order,Stocks,USD,MARA,2024-12-09 10:26:37,500.0,24.8,23.855,-12400.0,-2.75116,12402.75116,0.0,-472.5,O,-12400.0,0.0
Trades,Data,Order,Stocks,USD,MARA,2024-12-12 12:24:24,400.0,23.5,22.58,-9400.0,-2.200928,9402.200928,0.0,-368.0,O,-9400.0,0.0
Trades,Data,Order,Stocks,USD,MARA,2024-12-12 13:21:53,-400.0,23.72,22.58,9488.0,-2.56080937,-10234.200928,-748.761737,456.0,C;P,9488.0,0.0
Trades,Data,Order,Stocks,USD,MARA,2024-12-16 10:28:35,-500.0,25.03,24.56,12515.0,-3.22085953,-12402.75116,109.02798,235.0,C,12515.0,0.0
Trades,Data,Order,Stocks,USD,MARA,2024-12-18 14:00:03,500.0,24.15,21.61,-12075.0,-2.75116,12077.75116,0.0,-1270.0,O;P,-12075.0,0.0
Trades,Data,Order,Stocks,USD,MARA,2024-12-18 15:07:43,400.0,22.5,21.61,-9000.0,-2.200928,9002.200928,0.0,-356.0,O,-9000.0,0.0
Trades,Data,Order,Stocks,USD,MARA,2024-12-19 09:30:05,-400.0,22.7,20.37,9080.0,-2.54844616,-9402.200928,-324.749374,932.0,C,9080.0,0.0
Trades,Data,Order,Stocks,USD,MARA,2024-12-24 12:55:37,500.0,20.0,20.15,-10000.0,-2.75116,10002.75116,0.0,75.0,O,-10000.0,0.0
Trades,Data,Order,Stocks,USD,MARA,2025-01-02 13:33:06,400.0,17.0,17.21,-6800.0,-2.19526,6802.19526,0.0,84.0,O,-6800.0,0.0
Trades,Data,Order,Stocks,USD,MARA,2025-01-02 14:03:05,-400.0,17.15,17.21,6860.0,-2.47550772,-9662.295889,-2804.771396,-24.0,C,6860.0,0.0
Trades,Data,Order,Stocks,USD,MARA,2025-01-06 10:53:59,-500.0,20.52,20.55,10260.0,-3.14544352,-11417.6562,-1160.801643,-15.0,C,10260.0,0.0
Trades,Data,Order,Stocks,USD,MARA,2025-01-07 10:38:06,400.0,19.15,19.07,-7660.0,-2.19526,7662.19526,0.0,-32.0,O;P,-7660.0,0.0
Trades,Data,Order,Stocks,USD,MARA,2025-01-07 10:53:51,-400.0,19.4,19.07,7760.0,-2.50277952,-8002.200928,-244.703708,132.0,C,7760.0,0.0
Trades,Data,Order,Stocks,USD,MARA,2025-01-08 11:55:45,500.0,18.15,18.34,-9075.0,-2.744075,9077.744075,0.0,95.0,O,-9075.0,0.0
Trades,Data,Order,Stocks,USD,MARA,2025-01-08 13:26:56,-500.0,18.4,18.34,9200.0,-3.1133234,-8802.745492,394.141184,30.0,C;P,9200.0,0.0
Trades,Data,Order,Stocks,USD,MARA,2025-01-10 12:04:12,600.0,17.55,17.86,-10530.0,-3.29289,10533.29289,0.0,186.0,O;P,-10530.0,0.0
Trades,Data,Order,Stocks,USD,MARA,2025-01-10 12:56:30,-600.0,17.9,17.86,10740.0,-3.72689748,-11293.29289,-557.019788,24.0,C,10740.0,0.0
Trades,Data,Order,Stocks,USD,MARA,2025-01-13 09:30:02,600.0,17.0,17.19,-10200.0,-3.29289,10203.29289,0.0,114.0,O,-10200.0,0.0
Trades,Data,Order,Stocks,USD,MARA,2025-01-13 09:51:46,-600.0,17.2,17.19,10320.0,-3.71417064,-10713.36058,-397.074749,6.0,C,10320.0,0.0
Trades,Data,Order,Stocks,USD,MARA,2025-01-13 11:30:00,600.0,16.9,17.19,-10140.0,-3.29289,10143.29289,0.0,174.0,O,-10140.0,0.0
Trades,Data,Order,Stocks,USD,MARA,2025-01-13 15:45:39,-600.0,17.1,17.19,10260.0,-3.71235252,-10368.2252,-111.937552,-54.0,C;P,10260.0,0.0
Trades,Data,Order,Stocks,USD,MARA,2025-01-14 09:30:02,-500.0,17.93,17.36,8965.0,-3.11219743,-8482.744075,479.143728,285.0,C,8965.0,0.0
Trades,Data,Order,Stocks,USD,MARA,2025-01-14 09:31:46,500.0,17.8,17.36,-8900.0,-2.744075,8902.744075,0.0,-220.0,O,-8900.0,0.0
Trades,Data,Order,Stocks,USD,MARA,2025-01-14 10:10:12,100.0,17.895,17.36,-1789.5,-1.095014,1790.595014,0.0,-53.5,O;P,-1789.5,0.0
Trades,Data,Order,Stocks,USD,MARA,2025-01-14 10:10:35,400.0,17.835,17.36,-7134.0,-2.200056,7136.200056,0.0,-190.0,O;P,-7134.0,0.0
Trades,Data,Order,Stocks,USD,MARA,2025-01-15 09:30:01,-100.0,18.14,18.15,1814.0,-1.16687683,-1690.548815,122.284308,-1.0,C,1814.0,0.0
Trades,Data,Order,Stocks,USD,MARA,2025-01-15 10:20:21,-400.0,18.23225,18.15,7292.9,-2.49222246,-6852.19526,438.212517,32.9,C;P,7292.9,0.0
Trades,Data,Order,Stocks,USD,MARA,2025-01-16 09:45:51,500.0,17.9,18.3,-8950.0,-2.744075,8952.744075,0.0,200.0,O;P,-8950.0,0.0
Trades,Data,Order,Stocks,USD,MARA,2025-01-16 09:53:12,-500.0,18.12,18.3,9060.0,-3.10908112,-8912.790274,144.100646,-90.0,C;P,9060.0,0.0
Trades,Data,Order,Stocks,USD,MARA,2025-01-17 09:40:05,500.0,19.3,19.91,-9650.0,-2.744075,9652.744075,0.0,305.0,O,-9650.0,0.0
Trades,Data,Order,Stocks,USD,MARA,2025-01-17 09:55:02,-500.0,19.5,19.91,9750.0,-3.1299895,-8926.748871,820.121139,-205.0,C,9750.0,0.0
Trades,Data,Order,Stocks,USD,MARA,2025-01-17 09:59:26,500.0,19.35,19.91,-9675.0,-2.744075,9677.744075,0.0,280.0,O,-9675.0,0.0
Trades,Data,Order,Stocks,USD,MARA,2025-01-17 10:00:22,-500.0,19.5,19.91,9750.0,-3.1299895,-9092.744075,654.125936,-205.0,C,9750.0,0.0
Trades,Data,Order,Stocks,USD,MARA,2025-01-17 12:51:50,500.0,20.45,19.91,-10225.0,-2.744075,10227.74408,0.0,-270.0,O,-10225.0,0.0
Trades,Data,Order,Stocks,USD,MARA,2025-01-17 13:21:49,-500.0,20.65,19.91,10325.0,-3.14741315,-9657.744075,664.108511,370.0,C,10325.0,0.0
Trades,Data,Order,Stocks,USD,MARA,2025-01-22 13:32:20,500.0,19.5,19.69,-9750.0,-2.744075,9752.744075,0.0,95.0,O,-9750.0,0.0
Trades,Data,Order,Stocks,USD,MARA,2025-01-22 13:37:07,-500.0,19.6,19.69,9800.0,-3.1315046,-9787.744075,9.12442,-45.0,C;P,9800.0,0.0
Trades,Data,Order,Stocks,USD,MARA,2025-01-22 13:45:55,500.0,19.5,19.69,-9750.0,-2.744075,9752.744075,0.0,95.0,O,-9750.0,0.0
Trades,Data,Order,Stocks,USD,MARA,2025-01-22 13:50:39,-500.0,19.6,19.69,9800.0,-3.1315046,-10132.74408,-335.87558,-45.0,C,9800.0,0.0
Trades,Data,Order,Stocks,USD,MARA,2025-01-22 14:23:48,500.0,20.0,19.69,-10000.0,-2.744075,10002.74408,0.0,-155.0,O,-10000.0,0.0
Trades,Data,Order,Stocks,USD,MARA,2025-01-23 09:46:45,-500.0,20.12,19.95,10060.0,-3.13938312,-9752.744075,304.116542,85.0,C,10060.0,0.0
Trades,Data,Order,Stocks,USD,MARA,2025-01-23 14:14:34,400.0,19.85,19.95,-7940.0,-2.19526,7942.19526,0.0,40.0,O;P,-7940.0,0.0
Trades,Data,Order,Stocks,USD,MARA,2025-01-23 14:14:34,100.0,19.85,19.95,-1985.0,-1.093815,1986.093815,0.0,10.0,O,-1985.0,0.0
Trades,Data,Order,Stocks,USD,MARA,2025-01-23 15:24:14,-100.0,19.98,19.95,1998.0,-1.1724524,-1950.548815,46.278732,3.0,C;P,1998.0,0.0
Trades,Data,Order,Stocks,USD,MARA,2025-01-23 15:24:14,-400.0,19.98,19.95,7992.0,-2.50980958,-7852.19526,137.294931,12.0,C,7992.0,0.0
Trades,Data,Order,Stocks,USD,MARA,2025-01-24 09:51:04,500.0,19.9,19.99,-9950.0,-2.744075,9952.744075,0.0,45.0,O;P,-9950.0,0.0
Trades,Data,Order,Stocks,USD,MARA,2025-01-24 09:55:27,-500.0,20.02,19.99,10010.0,-3.13786802,-9988.404722,18.45741,15.0,C,10010.0,0.0
Trades,Data,Order,Stocks,USD,MARA,2025-01-24 10:15:08,500.0,20.1,19.99,-10050.0,-2.744075,10052.74408,0.0,-55.0,O,-10050.0,0.0
Trades,Data,Order,Stocks,USD,MARA,2025-01-24 10:19:26,-500.0,20.25,19.99,10125.0,-3.14135275,-9932.628428,189.230218,130.0,C,10125.0,0.0
Trades,Data,Order,Stocks,USD,MARA,2025-01-24 10:28:45,500.0,20.3,19.99,-10150.0,-2.744075,10152.74408,0.0,-155.0,O,-10150.0,0.0
Trades,Data,Order,Stocks,USD,MARA,2025-01-24 10:40:45,-500.0,20.4,19.99,10200.0,-3.1436254,-9972.744076,224.1123,205.0,C,10200.0,0.0
Trades,Data,Order,Stocks,USD,MARA,2025-01-24 12:42:02,500.0,21.0,19.99,-10500.0,-2.744075,10502.74408,0.0,-505.0,O,-10500.0,0.0
Trades,Data,Order,Stocks,USD,MARA,2025-01-24 12:45:05,-500.0,21.1,19.99,10550.0,-3.1542311,-10072.74408,474.101694,555.0,C,10550.0,0.0
Trades,Data,Order,Stocks,USD,MARA,2025-01-24 13:12:16,500.0,20.9,19.99,-10450.0,-2.744075,10452.74408,0.0,-455.0,O,-10450.0,0.0
Trades,Data,Order,Stocks,USD,MARA,2025-01-24 13:15:17,-500.0,21.0,19.99,10500.0,-3.152716,-10222.74408,274.103209,505.0,C;P,10500.0,0.0
Trades,Data,Order,Stocks,USD,MARA,2025-01-24 13:46:39,500.0,20.9,19.99,-10450.0,-2.744075,10452.74408,0.0,-455.0,O,-10450.0,0.0
Trades,Data,Order,Stocks,USD,MARA,2025-01-24 13:52:35,-500.0,21.0,19.99,10500.0,-3.152716,-10492.74408,4.103209,505.0,C,10500.0,0.0
Trades,Data,Order,Stocks,USD,MARA,2025-01-27 09:38:38,500.0,18.585,18.285,-9292.5,-2.75007,9295.25007,0.0,-150.0,O,-9292.5,0.0
Trades,Data,Order,Stocks,USD,MARA,2025-01-27 09:43:05,-500.0,18.7,18.285,9350.0,-3.1178687,-10452.74408,-1105.861944,207.5,C,9350.0,0.0
Trades,Data,Order,Stocks,USD,MARA,2025-01-27 10:08:12,500.0,19.125,18.285,-9562.5,-2.75007,9565.25007,0.0,-420.0,O,-9562.5,0.0
Trades,Data,Order,Stocks,USD,MARA,2025-01-30 09:33:21,-500.0,19.3,19.18,9650.0,-3.1269593,-10221.24527,-574.372233,60.0,C,9650.0,0.0
Trades,Data,Order,Stocks,USD,MARA,2025-01-30 10:41:32,500.0,19.245,19.18,-9622.5,-2.75007,9625.25007,0.0,-32.5,O;P,-9622.5,0.0
Trades,Data,Order,Stocks,USD,MARA,2025-01-30 10:47:06,-500.0,19.4,19.18,9700.0,-3.1284744,-9349.25007,347.621455,110.0,C,9700.0,0.0
Trades,Data,Order,Stocks,USD,MARA,2025-01-30 10:54:38,500.0,19.3,19.18,-9650.0,-2.744075,9652.744075,0.0,-60.0,O,-9650.0,0.0
Trades,Data,Order,Stocks,USD,MARA,2025-01-30 11:25:30,-500.0,19.42,19.18,9710.0,-3.12877742,-9577.250069,129.621153,120.0,C;P,9710.0,0.0
Trades,Data,Order,Stocks,USD,MARA,2025-01-30 15:13:15,500.0,19.4,19.18,-9700.0,-2.744075,9702.744075,0.0,-110.0,O,-9700.0,0.0
Trades,Data,Order,Stocks,USD,MARA,2025-02-03 09:30:02,500.0,16.92,17.95,-8460.0,-2.744075,8462.744075,0.0,515.0,O,-8460.0,0.0
Trades,Data,Order,Stocks,USD,MARA,2025-02-03 09:31:02,-500.0,17.12,17.95,8560.0,-3.09393012,-9630.748871,-1073.842801,-415.0,C,8560.0,0.0
Trades,Data,Order,Stocks,USD,MARA,2025-02-21 10:12:05,350.0,16.225,14.66,-5678.75,-1.925049,5680.675049,0.0,-547.75,O,-5678.75,0.0
Trades,Data,Order,Stocks,USD,MARA,2025-05-12 09:53:59,-350.0,16.6,15.95,5810.0,-2.16023612,-6756.920853,-949.081089,227.5,C,5810.0,0.0
Trades,Data,Order,Stocks,USD,MARA,2025-05-12 11:56:47,500.0,16.0,15.95,-8000.0,-2.744075,8002.744075,0.0,-25.0,O,-8000.0,0.0
Trades,Data,Order,Stocks,USD,MARA,2025-05-12 13:13:19,-500.0,16.11,15.95,8055.0,-3.07862761,-9697.744076,-1645.822702,80.0,C,8055.0,0.0
Trades,Data,Order,Stocks,USD,MARA,2025-05-12 13:22:49,500.0,15.95,15.95,-7975.0,-2.744075,7977.744075,0.0,0.0,O;P,-7975.0,0.0
Trades,Data,Order,Stocks,USD,MARA,2025-05-12 13:30:19,-500.0,16.05,15.95,8025.0,-3.07771855,-8586.744076,-564.821793,50.0,C,8025.0,0.0
Trades,Data,Order,Stocks,USD,MARA,2025-05-13 13:37:42,500.0,16.1,16.37,-8050.0,-2.744075,8052.744075,0.0,135.0,O,-8050.0,0.0
Trades,Data,Order,Stocks,USD,MARA,2025-05-13 13:47:25,-500.0,16.2,16.37,8100.0,-3.0799912,-8127.498272,-30.578263,-85.0,C;P,8100.0,0.0
Trades,Data,Order,Stocks,USD,MARA,2025-05-14 13:16:52,500.0,15.9,15.87,-7950.0,-2.744075,7952.744075,0.0,-15.0,O,-7950.0,0.0
Trades,Data,Order,Stocks,USD,MARA,2025-05-14 15:33:30,-500.0,16.05,15.87,8025.0,-2.834545,-7998.289074,23.876381,90.0,C,8025.0,0.0
Trades,Data,Order,Stocks,USD,MARA,2025-05-15 10:30:53,-400.0,15.405,15.68,6162.0,-2.272432,-6381.650261,-221.922693,-110.0,C,6162.0,0.0
Trades,Data,Order,Stocks,USD,MARA,2025-05-21 13:43:45,600.0,15.99,15.84,-9594.0,-3.29289,9597.29289,0.0,-90.0,O;P,-9594.0,0.0
Trades,Data,Order,Stocks,USD,MARA,2025-05-22 09:30:01,-600.0,16.7,15.65,10020.0,-3.401454,-9643.29289,373.305656,630.0,C,10020.0,0.0
Trades,Data,Order,Stocks,USD,MARA,2025-05-23 09:30:01,400.0,14.98,14.73,-5992.0,-2.19526,5994.19526,0.0,-100.0,O,-5992.0,0.0
Trades,Data,Order,Stocks,USD,MARA,2025-05-23 14:20:06,600.0,15.1,14.73,-9060.0,-3.29289,9063.29289,0.0,-222.0,O,-9060.0,0.0
Trades,Data,Order,Stocks,USD,MARA,2025-05-27 09:30:00,-600.0,15.26,16.44,9156.0,-3.401454,-9561.839931,-409.241385,-708.0,C,9156.0,0.0
Trades,Data,Order,Stocks,USD,MARA,2025-05-27 14:51:30,500.0,16.18,16.44,-8090.0,-2.744075,8092.744075,0.0,130.0,O,-8090.0,0.0
Trades,Data,Order,Stocks,USD,MARA,2025-05-27 15:47:10,-500.0,16.3,16.44,8150.0,-2.834545,-7896.197034,250.968421,-70.0,C,8150.0,0.0
Trades,Data,Order,Stocks,USD,MARA,2025-05-29 12:17:24,500.0,14.795,14.61,-7397.5,-2.75007,7400.25007,0.0,-92.5,O;P,-7397.5,0.0
Trades,Data,Order,Stocks,USD,MARA,2025-06-03 10:27:20,-500.0,15.0,15.33,7500.0,-2.834545,-7516.744075,-19.57862,-165.0,C,7500.0,0.0
Trades,Data,Order,Stocks,USD,MARA,2025-06-09 10:42:06,500.0,15.6,16.27,-7800.0,-2.744075,7802.744075,0.0,335.0,O,-7800.0,0.0
Trades,Data,Order,Stocks,USD,MARA,2025-06-09 12:30:29,-500.0,15.8,16.27,7900.0,-2.834545,-7660.744075,236.42138,-235.0,C,7900.0,0.0
Trades,Data,Order,Stocks,USD,MARA,2025-06-10 10:44:11,-500.0,16.15,16.49,8075.0,-2.834545,-7954.245274,117.920181,-170.0,C,8075.0,0.0
Trades,Data,Order,Stocks,USD,MARA,2025-06-11 14:04:10,500.0,16.04,16.35,-8020.0,-2.744075,8022.744075,0.0,155.0,O,-8020.0,0.0
Trades,Data,Order,Stocks,USD,MARA,2025-06-12 09:31:05,500.0,15.8,15.82,-7900.0,-2.744075,7902.744075,0.0,10.0,O;P,-7900.0,0.0
Trades,Data,Order,Stocks,USD,MARA,2025-06-12 10:07:41,-500.0,16.0,15.82,8000.0,-2.834545,-7480.748871,516.416584,90.0,C,8000.0,0.0
Trades,Data,Order,Stocks,USD,MARA,2025-06-12 14:13:45,500.0,16.2,15.82,-8100.0,-2.744075,8102.744075,0.0,-190.0,O;P,-8100.0,0.0
Trades,Data,Order,Stocks,USD,MARA,2025-07-02 09:35:26,-500.0,16.32,17.8,8160.0,-2.82746,-7846.744075,310.428465,-740.0,C,8160.0,0.0
Trades,Data,Order,Stocks,USD,MARA,2025-07-09 13:59:24,500.0,17.955,18.46,-8977.5,-2.739715,8980.239715,0.0,252.5,O,-8977.5,0.0
Trades,Data,Order,Stocks,USD,MARA,2025-07-09 14:08:12,-500.0,18.1,18.46,9050.0,-2.82746,-7999.217767,1047.954773,-180.0,C,9050.0,0.0
Trades,Data,Order,Stocks,USD,MARA,2025-07-09 14:26:27,500.0,17.98,18.46,-8990.0,-2.73699,8992.73699,0.0,240.0,O,-8990.0,0.0
Trades,Data,Order,Stocks,USD,MARA,2025-07-09 15:30:02,-500.0,18.11,18.46,9055.0,-2.82746,-7942.815382,1109.357156,-175.0,C;P,9055.0,0.0
Trades,Data,Order,Stocks,USD,MARA,2025-07-10 10:29:26,500.0,18.0,19.0,-9000.0,-2.73699,9002.73699,0.0,500.0,O,-9000.0,0.0
Trades,Data,Order,Stocks,USD,MARA,2025-07-10 10:46:27,-500.0,18.2,19.0,9100.0,-2.82746,-8277.698203,819.474336,-400.0,C,9100.0,0.0
Trades,Data,Order,Stocks,USD,MARA,2025-07-14 09:30:01,-400.0,19.8,19.21,7920.0,-2.261968,-7184.191772,733.54626,236.0,C,7920.0,0.0
Trades,Data,Order,Stocks,USD,MARA,2025-07-14 12:12:56,500.0,19.49,19.21,-9745.0,-2.73699,9747.73699,0.0,-140.0,O;P,-9745.0,0.0
Trades,Data,Order,Stocks,USD,MARA,2025-07-14 12:23:37,-500.0,19.71,19.21,9855.0,-2.82746,-8992.73699,859.43555,250.0,C;P,9855.0,0.0
Trades,Data,Order,Stocks,USD,MARA,2025-07-15 10:59:49,500.0,18.876,18.76,-9438.0,-2.73917,9440.73917,0.0,-58.0,O;P,-9438.0,0.0
Trades,Data,Order,Stocks,USD,MARA,2025-07-15 11:02:57,-500.0,19.0,18.76,9500.0,-2.82746,-9002.73699,494.43555,120.0,C;P,9500.0,0.0
Trades,Data,Order,Stocks,USD,MARA,2025-07-15 11:10:00,500.0,18.9,18.76,-9450.0,-2.73699,9452.73699,0.0,-70.0,O,-9450.0,0.0
Trades,Data,Order,Stocks,USD,MARA,2025-07-15 12:11:18,-500.0,19.1,18.76,9550.0,-2.82746,-9747.73699,-200.56445,170.0,C,9550.0,0.0
Trades,Data,Order,Stocks,USD,MARA,2025-07-15 14:35:52,500.0,19.0,18.76,-9500.0,-2.73699,9502.73699,0.0,-120.0,O,-9500.0,0.0
Trades,Data,Order,Stocks,USD,MARA,2025-07-16 09:30:00,-500.0,19.52,19.44,9760.0,-2.82746,-9440.73917,316.43337,40.0,C,9760.0,0.0
Trades,Data,Order,Stocks,USD,MARA,2025-07-16 10:30:29,500.0,19.66,19.44,-9830.0,-2.73699,9832.73699,0.0,-110.0,O,-9830.0,0.0
Trades,Data,Order,Stocks,USD,MARA,2025-07-16 10:45:03,-500.0,19.8,19.44,9900.0,-2.82746,-9452.73699,444.43555,180.0,C,9900.0,0.0
Trades,Data,Order,Stocks,USD,MARA,2025-07-16 12:34:35,500.0,19.85,19.44,-9925.0,-2.73699,9927.73699,0.0,-205.0,O,-9925.0,0.0
Trades,Data,Order,Stocks,USD,MARA,2025-07-17 10:33:19,-500.0,19.98,19.97,9990.0,-2.82746,-9502.73699,484.43555,5.0,C;P,9990.0,0.0
Trades,Data,Order,Stocks,USD,MARA,2025-07-17 11:18:37,500.0,19.83,19.97,-9915.0,-2.73699,9917.73699,0.0,70.0,O;P,-9915.0,0.0
Trades,Data,Order,Stocks,USD,MARA,2025-07-17 11:33:01,-500.0,19.95,19.97,9975.0,-2.82746,-9832.73699,139.43555,-10.0,C;P,9975.0,0.0
Trades,Data,Order,Stocks,USD,MARA,2025-07-17 11:54:35,-500.0,19.95,19.97,9975.0,-2.82746,-9927.73699,44.43555,-10.0,C,9975.0,0.0
Trades,Data,Order,Stocks,USD,MARA,2025-07-17 12:38:51,500.0,19.83,19.97,-9915.0,-2.73699,9917.73699,0.0,70.0,O;P,-9915.0,0.0
Trades,Data,Order,Stocks,USD,MARA,2025-07-17 13:28:03,500.0,19.75,19.97,-9875.0,-2.73699,9877.73699,0.0,110.0,O,-9875.0,0.0
Trades,Data,Order,Stocks,USD,MARA,2025-07-17 13:59:09,-500.0,19.88,19.97,9940.0,-2.82746,-9917.73699,19.435549,-45.0,C,9940.0,0.0
Trades,Data,Order,Stocks,USD,NU,2024-01-30 10:54:59,,8.898333333,8.78,-10678.0,-6.54,10684.54,0.0,-142.0,O;P,,
Trades,Data,Order,Stocks,USD,NU,2024-04-24 12:29:31,750.0,10.608,10.77,-7956.0,-4.0875,7960.0875,0.0,121.5,O,-7956.0,0.0
Trades,Data,Order,Stocks,USD,NU,2024-06-05 12:18:21,550.0,11.5995,11.71,-6379.725,-2.9975,6382.7225,0.0,60.775,IA;O,-6379.73,-0.0
Trades,Data,Order,Stocks,USD,NU,2024-07-22 10:09:03,500.0,12.745,12.99,-6372.5,-2.725,6375.225,0.0,122.5,O,-6372.5,0.0
Trades,Data,Order,Stocks,USD,NU,2024-08-14 10:24:30,-500.0,13.25,13.38,6625.0,-3.01622075,-4452.225,2169.758779,-65.0,C,6625.0,0.0
Trades,Data,Order,Stocks,USD,NU,2024-09-27 09:34:09,500.0,13.9,13.87,-6950.0,-2.75334,6952.75334,0.0,-15.0,O,-6950.0,0.0
Trades,Data,Order,Stocks,USD,NU,2024-11-04 10:12:23,600.0,14.4,14.37,-8640.0,-3.301392,8643.301392,0.0,-18.0,O,-8640.0,0.0
Trades,Data,Order,Stocks,USD,NU,2024-11-12 12:00:06,900.0,15.85,15.84,-14265.0,-4.952088,14269.952088,0.0,-9.0,O;P,-14265.0,0.0
Trades,Data,Order,Stocks,USD,NU,2024-11-14 10:31:12,500.0,14.125,15.19,-7062.5,-2.76424,7065.26424,0.0,532.5,O,-7062.5,0.0
Trades,Data,Order,Stocks,USD,NU,2025-02-21 10:50:40,,11.0878,10.82,-11087.8,-5.489349,11093.28935,0.0,-267.8,O;P,,
Trades,Data,Order,Stocks,USD,ORCL,2025-01-22 13:04:04,50.0,184.9,184.22,-9245.0,-1.0919075,9246.091908,0.0,-34.0,O,-9245.0,0.0
